participant,run,timestamp,trial,condition,rate_s,delay_s,serial_position,item,recalled
Asghar,1,2026-09-19 18:59:28,1,pause,2.0,25,1,pocket,1
Asghar,1,2026-09-19 18:59:28,1,pause,2.0,25,2,pickle,0
Asghar,1,2026-09-19 18:59:28,1,pause,2.0,25,3,violin,0
Asghar,1,2026-09-19 18:59:28,1,pause,2.0,25,4,chariot,0
Asghar,1,2026-09-19 18:59:28,1,pause,2.0,25,5,bridge,0
Asghar,1,2026-09-19 18:59:28,1,pause,2.0,25,6,jacket,1
Asghar,1,2026-09-19 18:59:28,1,pause,2.0,25,7,frame,1
Asghar,1,2026-09-19 18:59:28,1,pause,2.0,25,8,candle,0
Asghar,1,2026-09-19 18:59:28,1,pause,2.0,25,9,brick,1
Asghar,1,2026-09-19 18:59:28,1,pause,2.0,25,10,monster,1
Asghar,1,2026-09-19 18:59:28,1,pause,2.0,25,11,wheel,1
Asghar,1,2026-09-19 18:59:28,1,pause,2.0,25,12,saddle,1
Asghar,1,2026-09-19 18:59:28,1,pause,2.0,25,13,puzzle,1
Asghar,1,2026-09-19 18:59:28,2,filled,2.0,25,1,meadow,1
Asghar,1,2026-09-19 18:59:28,2,filled,2.0,25,2,curtain,1
Asghar,1,2026-09-19 18:59:28,2,filled,2.0,25,3,puzzle,1
Asghar,1,2026-09-19 18:59:28,2,filled,2.0,25,4,forest,1
Asghar,1,2026-09-19 18:59:28,2,filled,2.0,25,5,machine,1
Asghar,1,2026-09-19 18:59:28,2,filled,2.0,25,6,almond,0
Asghar,1,2026-09-19 18:59:28,2,filled,2.0,25,7,ribbon,0
Asghar,1,2026-09-19 18:59:28,2,filled,2.0,25,8,bottle,0
Asghar,1,2026-09-19 18:59:28,2,filled,2.0,25,9,jungle,0
Asghar,1,2026-09-19 18:59:28,2,filled,2.0,25,10,raccoon,0
Asghar,1,2026-09-19 18:59:28,2,filled,2.0,25,11,finger,0
Asghar,1,2026-09-19 18:59:28,2,filled,2.0,25,12,helmet,1
Asghar,1,2026-09-19 18:59:28,2,filled,2.0,25,13,napkin,1
Asghar,1,2026-09-19 18:59:28,3,fast,0.5,0,1,horse,1
Asghar,1,2026-09-19 18:59:28,3,fast,0.5,0,2,rabbit,0
Asghar,1,2026-09-19 18:59:28,3,fast,0.5,0,3,harp,0
Asghar,1,2026-09-19 18:59:28,3,fast,0.5,0,4,button,0
Asghar,1,2026-09-19 18:59:28,3,fast,0.5,0,5,harvest,1
Asghar,1,2026-09-19 18:59:28,3,fast,0.5,0,6,crayon,1
Asghar,1,2026-09-19 18:59:28,3,fast,0.5,0,7,almond,0
Asghar,1,2026-09-19 18:59:28,3,fast,0.5,0,8,feather,1
Asghar,1,2026-09-19 18:59:28,3,fast,0.5,0,9,walnut,0
Asghar,1,2026-09-19 18:59:28,3,fast,0.5,0,10,parrot,0
Asghar,1,2026-09-19 18:59:28,3,fast,0.5,0,11,frame,1
Asghar,1,2026-09-19 18:59:28,3,fast,0.5,0,12,apron,1
Asghar,1,2026-09-19 18:59:28,3,fast,0.5,0,13,compass,1
Asghar,1,2026-09-19 18:59:28,4,standard,2.0,0,1,anchor,1
Asghar,1,2026-09-19 18:59:28,4,standard,2.0,0,2,pebble,1
Asghar,1,2026-09-19 18:59:28,4,standard,2.0,0,3,hammer,0
Asghar,1,2026-09-19 18:59:28,4,standard,2.0,0,4,plant,1
Asghar,1,2026-09-19 18:59:28,4,standard,2.0,0,5,jungle,0
Asghar,1,2026-09-19 18:59:28,4,standard,2.0,0,6,cage,0
Asghar,1,2026-09-19 18:59:28,4,standard,2.0,0,7,parrot,0
Asghar,1,2026-09-19 18:59:28,4,standard,2.0,0,8,ladder,0
Asghar,1,2026-09-19 18:59:28,4,standard,2.0,0,9,zipper,0
Asghar,1,2026-09-19 18:59:28,4,standard,2.0,0,10,oyster,1
Asghar,1,2026-09-19 18:59:28,4,standard,2.0,0,11,camera,1
Asghar,1,2026-09-19 18:59:28,4,standard,2.0,0,12,harp,1
Asghar,1,2026-09-19 18:59:28,4,standard,2.0,0,13,chariot,1
Asghar,2,2026-09-20 18:50:16,1,fast,0.5,0,1,forest,1
Asghar,2,2026-09-20 18:50:16,1,fast,0.5,0,2,meadow,0
Asghar,2,2026-09-20 18:50:16,1,fast,0.5,0,3,chair,0
Asghar,2,2026-09-20 18:50:16,1,fast,0.5,0,4,spine,1
Asghar,2,2026-09-20 18:50:16,1,fast,0.5,0,5,blanket,0
Asghar,2,2026-09-20 18:50:16,1,fast,0.5,0,6,cage,0
Asghar,2,2026-09-20 18:50:16,1,fast,0.5,0,7,curtain,1
Asghar,2,2026-09-20 18:50:16,1,fast,0.5,0,8,ladder,0
Asghar,2,2026-09-20 18:50:16,1,fast,0.5,0,9,needle,0
Asghar,2,2026-09-20 18:50:16,1,fast,0.5,0,10,raccoon,0
Asghar,2,2026-09-20 18:50:16,1,fast,0.5,0,11,pickle,1
Asghar,2,2026-09-20 18:50:16,1,fast,0.5,0,12,blouse,1
Asghar,2,2026-09-20 18:50:16,1,fast,0.5,0,13,finger,1
Asghar,2,2026-09-20 18:50:16,2,standard,2.0,0,1,saddle,1
Asghar,2,2026-09-20 18:50:16,2,standard,2.0,0,2,meadow,1
Asghar,2,2026-09-20 18:50:16,2,standard,2.0,0,3,pancake,1
Asghar,2,2026-09-20 18:50:16,2,standard,2.0,0,4,camera,0
Asghar,2,2026-09-20 18:50:16,2,standard,2.0,0,5,parrot,0
Asghar,2,2026-09-20 18:50:16,2,standard,2.0,0,6,balloon,1
Asghar,2,2026-09-20 18:50:16,2,standard,2.0,0,7,apron,0
Asghar,2,2026-09-20 18:50:16,2,standard,2.0,0,8,knuckle,0
Asghar,2,2026-09-20 18:50:16,2,standard,2.0,0,9,goblet,1
Asghar,2,2026-09-20 18:50:16,2,standard,2.0,0,10,sausage,0
Asghar,2,2026-09-20 18:50:16,2,standard,2.0,0,11,garden,1
Asghar,2,2026-09-20 18:50:16,2,standard,2.0,0,12,pebble,1
Asghar,2,2026-09-20 18:50:16,2,standard,2.0,0,13,puzzle,1
Asghar,2,2026-09-20 18:50:16,3,pause,2.0,25,1,machine,0
Asghar,2,2026-09-20 18:50:16,3,pause,2.0,25,2,oyster,0
Asghar,2,2026-09-20 18:50:16,3,pause,2.0,25,3,anchor,0
Asghar,2,2026-09-20 18:50:16,3,pause,2.0,25,4,plant,1
Asghar,2,2026-09-20 18:50:16,3,pause,2.0,25,5,ribbon,0
Asghar,2,2026-09-20 18:50:16,3,pause,2.0,25,6,hamster,0
Asghar,2,2026-09-20 18:50:16,3,pause,2.0,25,7,pancake,0
Asghar,2,2026-09-20 18:50:16,3,pause,2.0,25,8,pencil,0
Asghar,2,2026-09-20 18:50:16,3,pause,2.0,25,9,blouse,1
Asghar,2,2026-09-20 18:50:16,3,pause,2.0,25,10,bottle,0
Asghar,2,2026-09-20 18:50:16,3,pause,2.0,25,11,brick,1
Asghar,2,2026-09-20 18:50:16,3,pause,2.0,25,12,puzzle,0
Asghar,2,2026-09-20 18:50:16,3,pause,2.0,25,13,button,1
Asghar,2,2026-09-20 18:50:16,4,filled,2.0,25,1,button,1
Asghar,2,2026-09-20 18:50:16,4,filled,2.0,25,2,machine,0
Asghar,2,2026-09-20 18:50:16,4,filled,2.0,25,3,torch,0
Asghar,2,2026-09-20 18:50:16,4,filled,2.0,25,4,pickle,1
Asghar,2,2026-09-20 18:50:16,4,filled,2.0,25,5,ribbon,0
Asghar,2,2026-09-20 18:50:16,4,filled,2.0,25,6,lemon,1
Asghar,2,2026-09-20 18:50:16,4,filled,2.0,25,7,engine,0
Asghar,2,2026-09-20 18:50:16,4,filled,2.0,25,8,anchor,0
Asghar,2,2026-09-20 18:50:16,4,filled,2.0,25,9,hammer,0
Asghar,2,2026-09-20 18:50:16,4,filled,2.0,25,10,frame,1
Asghar,2,2026-09-20 18:50:16,4,filled,2.0,25,11,candle,1
Asghar,2,2026-09-20 18:50:16,4,filled,2.0,25,12,rocket,1
Asghar,2,2026-09-20 18:50:16,4,filled,2.0,25,13,cloud,0
Asghar,3,2026-09-20 19:19:28,1,standard,2.0,0,1,finger,1
Asghar,3,2026-09-20 19:19:28,1,standard,2.0,0,2,pencil,1
Asghar,3,2026-09-20 19:19:28,1,standard,2.0,0,3,basket,1
Asghar,3,2026-09-20 19:19:28,1,standard,2.0,0,4,rocket,0
Asghar,3,2026-09-20 19:19:28,1,standard,2.0,0,5,shell,1
Asghar,3,2026-09-20 19:19:28,1,standard,2.0,0,6,oyster,1
Asghar,3,2026-09-20 19:19:28,1,standard,2.0,0,7,goblet,1
Asghar,3,2026-09-20 19:19:28,1,standard,2.0,0,8,garden,0
Asghar,3,2026-09-20 19:19:28,1,standard,2.0,0,9,raccoon,0
Asghar,3,2026-09-20 19:19:28,1,standard,2.0,0,10,violin,0
Asghar,3,2026-09-20 19:19:28,1,standard,2.0,0,11,nozzle,0
Asghar,3,2026-09-20 19:19:28,1,standard,2.0,0,12,apron,0
Asghar,3,2026-09-20 19:19:28,1,standard,2.0,0,13,rabbit,0
Asghar,3,2026-09-20 19:19:28,2,filled,2.0,25,1,cloud,1
Asghar,3,2026-09-20 19:19:28,2,filled,2.0,25,2,window,1
Asghar,3,2026-09-20 19:19:28,2,filled,2.0,25,3,knuckle,0
Asghar,3,2026-09-20 19:19:28,2,filled,2.0,25,4,engine,0
Asghar,3,2026-09-20 19:19:28,2,filled,2.0,25,5,chair,0
Asghar,3,2026-09-20 19:19:28,2,filled,2.0,25,6,sleigh,0
Asghar,3,2026-09-20 19:19:28,2,filled,2.0,25,7,anchor,1
Asghar,3,2026-09-20 19:19:28,2,filled,2.0,25,8,sword,0
Asghar,3,2026-09-20 19:19:28,2,filled,2.0,25,9,monster,0
Asghar,3,2026-09-20 19:19:28,2,filled,2.0,25,10,balloon,1
Asghar,3,2026-09-20 19:19:28,2,filled,2.0,25,11,crown,0
Asghar,3,2026-09-20 19:19:28,2,filled,2.0,25,12,feather,0
Asghar,3,2026-09-20 19:19:28,2,filled,2.0,25,13,torch,0
Asghar,3,2026-09-20 19:19:28,3,fast,0.5,0,1,glove,0
Asghar,3,2026-09-20 19:19:28,3,fast,0.5,0,2,magnet,1
Asghar,3,2026-09-20 19:19:28,3,fast,0.5,0,3,bottle,0
Asghar,3,2026-09-20 19:19:28,3,fast,0.5,0,4,balloon,1
Asghar,3,2026-09-20 19:19:28,3,fast,0.5,0,5,ivory,0
Asghar,3,2026-09-20 19:19:28,3,fast,0.5,0,6,glider,0
Asghar,3,2026-09-20 19:19:28,3,fast,0.5,0,7,napkin,1
Asghar,3,2026-09-20 19:19:28,3,fast,0.5,0,8,horse,1
Asghar,3,2026-09-20 19:19:28,3,fast,0.5,0,9,ticket,0
Asghar,3,2026-09-20 19:19:28,3,fast,0.5,0,10,finger,0
Asghar,3,2026-09-20 19:19:28,3,fast,0.5,0,11,lemon,0
Asghar,3,2026-09-20 19:19:28,3,fast,0.5,0,12,bagpipe,0
Asghar,3,2026-09-20 19:19:28,3,fast,0.5,0,13,crayon,0
Asghar,3,2026-09-20 19:19:28,4,pause,2.0,25,1,brick,1
Asghar,3,2026-09-20 19:19:28,4,pause,2.0,25,2,thunder,1
Asghar,3,2026-09-20 19:19:28,4,pause,2.0,25,3,crown,0
Asghar,3,2026-09-20 19:19:28,4,pause,2.0,25,4,ivory,0
Asghar,3,2026-09-20 19:19:28,4,pause,2.0,25,5,mitten,1
Asghar,3,2026-09-20 19:19:28,4,pause,2.0,25,6,needle,0
Asghar,3,2026-09-20 19:19:28,4,pause,2.0,25,7,forest,0
Asghar,3,2026-09-20 19:19:28,4,pause,2.0,25,8,zipper,0
Asghar,3,2026-09-20 19:19:28,4,pause,2.0,25,9,spoon,0
Asghar,3,2026-09-20 19:19:28,4,pause,2.0,25,10,puzzle,1
Asghar,3,2026-09-20 19:19:28,4,pause,2.0,25,11,chain,0
Asghar,3,2026-09-20 19:19:28,4,pause,2.0,25,12,meadow,0
Asghar,3,2026-09-20 19:19:28,4,pause,2.0,25,13,marble,0
Asghar,4,2026-09-21 18:51:34,1,pause,2.0,25,1,saddle,1
Asghar,4,2026-09-21 18:51:34,1,pause,2.0,25,2,chain,0
Asghar,4,2026-09-21 18:51:34,1,pause,2.0,25,3,blanket,0
Asghar,4,2026-09-21 18:51:34,1,pause,2.0,25,4,monster,0
Asghar,4,2026-09-21 18:51:34,1,pause,2.0,25,5,jungle,0
Asghar,4,2026-09-21 18:51:34,1,pause,2.0,25,6,helmet,1
Asghar,4,2026-09-21 18:51:34,1,pause,2.0,25,7,walnut,0
Asghar,4,2026-09-21 18:51:34,1,pause,2.0,25,8,hedge,1
Asghar,4,2026-09-21 18:51:34,1,pause,2.0,25,9,feather,1
Asghar,4,2026-09-21 18:51:34,1,pause,2.0,25,10,eagle,0
Asghar,4,2026-09-21 18:51:34,1,pause,2.0,25,11,knuckle,0
Asghar,4,2026-09-21 18:51:34,1,pause,2.0,25,12,machine,1
Asghar,4,2026-09-21 18:51:34,1,pause,2.0,25,13,cage,1
Asghar,4,2026-09-21 18:51:34,2,filled,2.0,25,1,spine,1
Asghar,4,2026-09-21 18:51:34,2,filled,2.0,25,2,goblet,1
Asghar,4,2026-09-21 18:51:34,2,filled,2.0,25,3,eagle,0
Asghar,4,2026-09-21 18:51:34,2,filled,2.0,25,4,plant,0
Asghar,4,2026-09-21 18:51:34,2,filled,2.0,25,5,machine,0
Asghar,4,2026-09-21 18:51:34,2,filled,2.0,25,6,buckle,0
Asghar,4,2026-09-21 18:51:34,2,filled,2.0,25,7,spoon,0
Asghar,4,2026-09-21 18:51:34,2,filled,2.0,25,8,pancake,1
Asghar,4,2026-09-21 18:51:34,2,filled,2.0,25,9,cabin,1
Asghar,4,2026-09-21 18:51:34,2,filled,2.0,25,10,marble,0
Asghar,4,2026-09-21 18:51:34,2,filled,2.0,25,11,engine,0
Asghar,4,2026-09-21 18:51:34,2,filled,2.0,25,12,sleigh,1
Asghar,4,2026-09-21 18:51:34,2,filled,2.0,25,13,cloud,0
Asghar,4,2026-09-21 18:51:34,3,standard,2.0,0,1,rope,1
Asghar,4,2026-09-21 18:51:34,3,standard,2.0,0,2,walnut,1
Asghar,4,2026-09-21 18:51:34,3,standard,2.0,0,3,apron,0
Asghar,4,2026-09-21 18:51:34,3,standard,2.0,0,4,bridge,1
Asghar,4,2026-09-21 18:51:34,3,standard,2.0,0,5,cloud,1
Asghar,4,2026-09-21 18:51:34,3,standard,2.0,0,6,nozzle,1
Asghar,4,2026-09-21 18:51:34,3,standard,2.0,0,7,goblet,1
Asghar,4,2026-09-21 18:51:34,3,standard,2.0,0,8,window,0
Asghar,4,2026-09-21 18:51:34,3,standard,2.0,0,9,guitar,0
Asghar,4,2026-09-21 18:51:34,3,standard,2.0,0,10,button,0
Asghar,4,2026-09-21 18:51:34,3,standard,2.0,0,11,shell,1
Asghar,4,2026-09-21 18:51:34,3,standard,2.0,0,12,magnet,1
Asghar,4,2026-09-21 18:51:34,3,standard,2.0,0,13,puzzle,1
Asghar,4,2026-09-21 18:51:34,4,fast,0.5,0,1,flame,1
Asghar,4,2026-09-21 18:51:34,4,fast,0.5,0,2,rocket,1
Asghar,4,2026-09-21 18:51:34,4,fast,0.5,0,3,bridge,0
Asghar,4,2026-09-21 18:51:34,4,fast,0.5,0,4,pancake,0
Asghar,4,2026-09-21 18:51:34,4,fast,0.5,0,5,blade,1
Asghar,4,2026-09-21 18:51:34,4,fast,0.5,0,6,camera,0
Asghar,4,2026-09-21 18:51:34,4,fast,0.5,0,7,rope,0
Asghar,4,2026-09-21 18:51:34,4,fast,0.5,0,8,knife,0
Asghar,4,2026-09-21 18:51:34,4,fast,0.5,0,9,blouse,1
Asghar,4,2026-09-21 18:51:34,4,fast,0.5,0,10,thunder,1
Asghar,4,2026-09-21 18:51:34,4,fast,0.5,0,11,glacier,0
Asghar,4,2026-09-21 18:51:34,4,fast,0.5,0,12,harvest,1
Asghar,4,2026-09-21 18:51:34,4,fast,0.5,0,13,insect,0
Asghar,5,2026-09-21 19:30:56,1,standard,2.0,0,1,magnet,1
Asghar,5,2026-09-21 19:30:56,1,standard,2.0,0,2,pancake,1
Asghar,5,2026-09-21 19:30:56,1,standard,2.0,0,3,glider,1
Asghar,5,2026-09-21 19:30:56,1,standard,2.0,0,4,wheel,1
Asghar,5,2026-09-21 19:30:56,1,standard,2.0,0,5,thunder,0
Asghar,5,2026-09-21 19:30:56,1,standard,2.0,0,6,fabric,1
Asghar,5,2026-09-21 19:30:56,1,standard,2.0,0,7,finger,1
Asghar,5,2026-09-21 19:30:56,1,standard,2.0,0,8,button,1
Asghar,5,2026-09-21 19:30:56,1,standard,2.0,0,9,swamp,0
Asghar,5,2026-09-21 19:30:56,1,standard,2.0,0,10,torch,1
Asghar,5,2026-09-21 19:30:56,1,standard,2.0,0,11,cello,1
Asghar,5,2026-09-21 19:30:56,1,standard,2.0,0,12,whistle,0
Asghar,5,2026-09-21 19:30:56,1,standard,2.0,0,13,hedge,0
Asghar,5,2026-09-21 19:30:56,2,fast,0.5,0,1,biscuit,0
Asghar,5,2026-09-21 19:30:56,2,fast,0.5,0,2,curtain,0
Asghar,5,2026-09-21 19:30:56,2,fast,0.5,0,3,feather,0
Asghar,5,2026-09-21 19:30:56,2,fast,0.5,0,4,river,0
Asghar,5,2026-09-21 19:30:56,2,fast,0.5,0,5,frame,1
Asghar,5,2026-09-21 19:30:56,2,fast,0.5,0,6,glider,0
Asghar,5,2026-09-21 19:30:56,2,fast,0.5,0,7,crayon,0
Asghar,5,2026-09-21 19:30:56,2,fast,0.5,0,8,ribbon,0
Asghar,5,2026-09-21 19:30:56,2,fast,0.5,0,9,hedge,0
Asghar,5,2026-09-21 19:30:56,2,fast,0.5,0,10,nozzle,1
Asghar,5,2026-09-21 19:30:56,2,fast,0.5,0,11,chariot,1
Asghar,5,2026-09-21 19:30:56,2,fast,0.5,0,12,monster,1
Asghar,5,2026-09-21 19:30:56,2,fast,0.5,0,13,blouse,1
Asghar,5,2026-09-21 19:30:56,3,pause,2.0,25,1,napkin,1
Asghar,5,2026-09-21 19:30:56,3,pause,2.0,25,2,moss,0
Asghar,5,2026-09-21 19:30:56,3,pause,2.0,25,3,marble,1
Asghar,5,2026-09-21 19:30:56,3,pause,2.0,25,4,horse,0
Asghar,5,2026-09-21 19:30:56,3,pause,2.0,25,5,meadow,1
Asghar,5,2026-09-21 19:30:56,3,pause,2.0,25,6,nozzle,0
Asghar,5,2026-09-21 19:30:56,3,pause,2.0,25,7,bridge,0
Asghar,5,2026-09-21 19:30:56,3,pause,2.0,25,8,puzzle,0
Asghar,5,2026-09-21 19:30:56,3,pause,2.0,25,9,ivory,0
Asghar,5,2026-09-21 19:30:56,3,pause,2.0,25,10,wheel,0
Asghar,5,2026-09-21 19:30:56,3,pause,2.0,25,11,rabbit,0
Asghar,5,2026-09-21 19:30:56,3,pause,2.0,25,12,blouse,1
Asghar,5,2026-09-21 19:30:56,3,pause,2.0,25,13,pebble,1
Asghar,5,2026-09-21 19:30:56,4,filled,2.0,25,1,flame,1
Asghar,5,2026-09-21 19:30:56,4,filled,2.0,25,2,ladder,0
Asghar,5,2026-09-21 19:30:56,4,filled,2.0,25,3,raccoon,1
Asghar,5,2026-09-21 19:30:56,4,filled,2.0,25,4,feather,1
Asghar,5,2026-09-21 19:30:56,4,filled,2.0,25,5,needle,0
Asghar,5,2026-09-21 19:30:56,4,filled,2.0,25,6,ribbon,0
Asghar,5,2026-09-21 19:30:56,4,filled,2.0,25,7,sleigh,0
Asghar,5,2026-09-21 19:30:56,4,filled,2.0,25,8,swamp,0
Asghar,5,2026-09-21 19:30:56,4,filled,2.0,25,9,forest,0
Asghar,5,2026-09-21 19:30:56,4,filled,2.0,25,10,bagpipe,1
Asghar,5,2026-09-21 19:30:56,4,filled,2.0,25,11,anchor,0
Asghar,5,2026-09-21 19:30:56,4,filled,2.0,25,12,ticket,1
Asghar,5,2026-09-21 19:30:56,4,filled,2.0,25,13,eagle,0
Asghar,6,2026-09-22 18:08:37,1,pause,2.0,25,1,forest,1
Asghar,6,2026-09-22 18:08:37,1,pause,2.0,25,2,spoon,0
Asghar,6,2026-09-22 18:08:37,1,pause,2.0,25,3,cage,0
Asghar,6,2026-09-22 18:08:37,1,pause,2.0,25,4,dagger,1
Asghar,6,2026-09-22 18:08:37,1,pause,2.0,25,5,ladder,1
Asghar,6,2026-09-22 18:08:37,1,pause,2.0,25,6,button,1
Asghar,6,2026-09-22 18:08:37,1,pause,2.0,25,7,magnet,0
Asghar,6,2026-09-22 18:08:37,1,pause,2.0,25,8,garden,0
Asghar,6,2026-09-22 18:08:37,1,pause,2.0,25,9,trophy,0
Asghar,6,2026-09-22 18:08:37,1,pause,2.0,25,10,plant,1
Asghar,6,2026-09-22 18:08:37,1,pause,2.0,25,11,goblet,0
Asghar,6,2026-09-22 18:08:37,1,pause,2.0,25,12,finger,0
Asghar,6,2026-09-22 18:08:37,1,pause,2.0,25,13,feather,1
Asghar,6,2026-09-22 18:08:37,2,fast,0.5,0,1,plant,1
Asghar,6,2026-09-22 18:08:37,2,fast,0.5,0,2,balloon,1
Asghar,6,2026-09-22 18:08:37,2,fast,0.5,0,3,buckle,1
Asghar,6,2026-09-22 18:08:37,2,fast,0.5,0,4,crown,0
Asghar,6,2026-09-22 18:08:37,2,fast,0.5,0,5,moss,0
Asghar,6,2026-09-22 18:08:37,2,fast,0.5,0,6,finger,1
Asghar,6,2026-09-22 18:08:37,2,fast,0.5,0,7,blouse,1
Asghar,6,2026-09-22 18:08:37,2,fast,0.5,0,8,sword,0
Asghar,6,2026-09-22 18:08:37,2,fast,0.5,0,9,brick,0
Asghar,6,2026-09-22 18:08:37,2,fast,0.5,0,10,rocket,0
Asghar,6,2026-09-22 18:08:37,2,fast,0.5,0,11,cello,1
Asghar,6,2026-09-22 18:08:37,2,fast,0.5,0,12,napkin,1
Asghar,6,2026-09-22 18:08:37,2,fast,0.5,0,13,dagger,1
Asghar,6,2026-09-22 18:08:37,3,standard,2.0,0,1,hammer,1
Asghar,6,2026-09-22 18:08:37,3,standard,2.0,0,2,castle,0
Asghar,6,2026-09-22 18:08:37,3,standard,2.0,0,3,raccoon,1
Asghar,6,2026-09-22 18:08:37,3,standard,2.0,0,4,pebble,1
Asghar,6,2026-09-22 18:08:37,3,standard,2.0,0,5,glacier,0
Asghar,6,2026-09-22 18:08:37,3,standard,2.0,0,6,forest,0
Asghar,6,2026-09-22 18:08:37,3,standard,2.0,0,7,napkin,0
Asghar,6,2026-09-22 18:08:37,3,standard,2.0,0,8,thunder,0
Asghar,6,2026-09-22 18:08:37,3,standard,2.0,0,9,swamp,0
Asghar,6,2026-09-22 18:08:37,3,standard,2.0,0,10,window,1
Asghar,6,2026-09-22 18:08:37,3,standard,2.0,0,11,chariot,1
Asghar,6,2026-09-22 18:08:37,3,standard,2.0,0,12,insect,0
Asghar,6,2026-09-22 18:08:37,3,standard,2.0,0,13,pancake,1
Asghar,6,2026-09-22 18:08:37,4,filled,2.0,25,1,thunder,0
Asghar,6,2026-09-22 18:08:37,4,filled,2.0,25,2,saddle,0
Asghar,6,2026-09-22 18:08:37,4,filled,2.0,25,3,glacier,1
Asghar,6,2026-09-22 18:08:37,4,filled,2.0,25,4,flame,0
Asghar,6,2026-09-22 18:08:37,4,filled,2.0,25,5,candle,0
Asghar,6,2026-09-22 18:08:37,4,filled,2.0,25,6,crown,0
Asghar,6,2026-09-22 18:08:37,4,filled,2.0,25,7,goblet,0
Asghar,6,2026-09-22 18:08:37,4,filled,2.0,25,8,ribbon,0
Asghar,6,2026-09-22 18:08:37,4,filled,2.0,25,9,spine,0
Asghar,6,2026-09-22 18:08:37,4,filled,2.0,25,10,guitar,1
Asghar,6,2026-09-22 18:08:37,4,filled,2.0,25,11,cabin,0
Asghar,6,2026-09-22 18:08:37,4,filled,2.0,25,12,shell,0
Asghar,6,2026-09-22 18:08:37,4,filled,2.0,25,13,ivory,0
Asghar,7,2026-09-22 19:16:16,1,standard,2.0,0,1,glass,1
Asghar,7,2026-09-22 19:16:16,1,standard,2.0,0,2,bottle,1
Asghar,7,2026-09-22 19:16:16,1,standard,2.0,0,3,finger,1
Asghar,7,2026-09-22 19:16:16,1,standard,2.0,0,4,stone,0
Asghar,7,2026-09-22 19:16:16,1,standard,2.0,0,5,buckle,0
Asghar,7,2026-09-22 19:16:16,1,standard,2.0,0,6,gate,0
Asghar,7,2026-09-22 19:16:16,1,standard,2.0,0,7,bagpipe,0
Asghar,7,2026-09-22 19:16:16,1,standard,2.0,0,8,puzzle,0
Asghar,7,2026-09-22 19:16:16,1,standard,2.0,0,9,raccoon,0
Asghar,7,2026-09-22 19:16:16,1,standard,2.0,0,10,candle,0
Asghar,7,2026-09-22 19:16:16,1,standard,2.0,0,11,bridge,0
Asghar,7,2026-09-22 19:16:16,1,standard,2.0,0,12,swamp,1
Asghar,7,2026-09-22 19:16:16,1,standard,2.0,0,13,whistle,1
Asghar,7,2026-09-22 19:16:16,2,fast,0.5,0,1,basket,0
Asghar,7,2026-09-22 19:16:16,2,fast,0.5,0,2,helmet,0
Asghar,7,2026-09-22 19:16:16,2,fast,0.5,0,3,sword,0
Asghar,7,2026-09-22 19:16:16,2,fast,0.5,0,4,window,0
Asghar,7,2026-09-22 19:16:16,2,fast,0.5,0,5,river,1
Asghar,7,2026-09-22 19:16:16,2,fast,0.5,0,6,glove,0
Asghar,7,2026-09-22 19:16:16,2,fast,0.5,0,7,almond,0
Asghar,7,2026-09-22 19:16:16,2,fast,0.5,0,8,wheel,0
Asghar,7,2026-09-22 19:16:16,2,fast,0.5,0,9,hamster,1
Asghar,7,2026-09-22 19:16:16,2,fast,0.5,0,10,zipper,1
Asghar,7,2026-09-22 19:16:16,2,fast,0.5,0,11,brick,0
Asghar,7,2026-09-22 19:16:16,2,fast,0.5,0,12,knife,1
Asghar,7,2026-09-22 19:16:16,2,fast,0.5,0,13,moss,0
Asghar,7,2026-09-22 19:16:16,3,filled,2.0,25,1,button,1
Asghar,7,2026-09-22 19:16:16,3,filled,2.0,25,2,frame,1
Asghar,7,2026-09-22 19:16:16,3,filled,2.0,25,3,rabbit,1
Asghar,7,2026-09-22 19:16:16,3,filled,2.0,25,4,castle,1
Asghar,7,2026-09-22 19:16:16,3,filled,2.0,25,5,torch,1
Asghar,7,2026-09-22 19:16:16,3,filled,2.0,25,6,chair,0
Asghar,7,2026-09-22 19:16:16,3,filled,2.0,25,7,blade,0
Asghar,7,2026-09-22 19:16:16,3,filled,2.0,25,8,sword,1
Asghar,7,2026-09-22 19:16:16,3,filled,2.0,25,9,jungle,1
Asghar,7,2026-09-22 19:16:16,3,filled,2.0,25,10,apron,1
Asghar,7,2026-09-22 19:16:16,3,filled,2.0,25,11,pancake,1
Asghar,7,2026-09-22 19:16:16,3,filled,2.0,25,12,ladder,0
Asghar,7,2026-09-22 19:16:16,3,filled,2.0,25,13,walnut,0
Asghar,7,2026-09-22 19:16:16,4,pause,2.0,25,1,jacket,1
Asghar,7,2026-09-22 19:16:16,4,pause,2.0,25,2,violin,1
Asghar,7,2026-09-22 19:16:16,4,pause,2.0,25,3,eagle,1
Asghar,7,2026-09-22 19:16:16,4,pause,2.0,25,4,sleigh,0
Asghar,7,2026-09-22 19:16:16,4,pause,2.0,25,5,horse,1
Asghar,7,2026-09-22 19:16:16,4,pause,2.0,25,6,pencil,1
Asghar,7,2026-09-22 19:16:16,4,pause,2.0,25,7,cello,0
Asghar,7,2026-09-22 19:16:16,4,pause,2.0,25,8,ticket,1
Asghar,7,2026-09-22 19:16:16,4,pause,2.0,25,9,glacier,1
Asghar,7,2026-09-22 19:16:16,4,pause,2.0,25,10,candle,1
Asghar,7,2026-09-22 19:16:16,4,pause,2.0,25,11,fabric,0
Asghar,7,2026-09-22 19:16:16,4,pause,2.0,25,12,wheel,0
Asghar,7,2026-09-22 19:16:16,4,pause,2.0,25,13,meadow,0
Asghar,8,2026-09-23 18:10:47,1,standard,2.0,0,1,horse,1
Asghar,8,2026-09-23 18:10:47,1,standard,2.0,0,2,clock,0
Asghar,8,2026-09-23 18:10:47,1,standard,2.0,0,3,rope,1
Asghar,8,2026-09-23 18:10:47,1,standard,2.0,0,4,brick,1
Asghar,8,2026-09-23 18:10:47,1,standard,2.0,0,5,trophy,1
Asghar,8,2026-09-23 18:10:47,1,standard,2.0,0,6,window,1
Asghar,8,2026-09-23 18:10:47,1,standard,2.0,0,7,ivory,0
Asghar,8,2026-09-23 18:10:47,1,standard,2.0,0,8,compass,0
Asghar,8,2026-09-23 18:10:47,1,standard,2.0,0,9,balloon,0
Asghar,8,2026-09-23 18:10:47,1,standard,2.0,0,10,moss,0
Asghar,8,2026-09-23 18:10:47,1,standard,2.0,0,11,helmet,1
Asghar,8,2026-09-23 18:10:47,1,standard,2.0,0,12,mitten,1
Asghar,8,2026-09-23 18:10:47,1,standard,2.0,0,13,machine,1
Asghar,8,2026-09-23 18:10:47,2,filled,2.0,25,1,zipper,0
Asghar,8,2026-09-23 18:10:47,2,filled,2.0,25,2,cabin,0
Asghar,8,2026-09-23 18:10:47,2,filled,2.0,25,3,raccoon,1
Asghar,8,2026-09-23 18:10:47,2,filled,2.0,25,4,ivory,0
Asghar,8,2026-09-23 18:10:47,2,filled,2.0,25,5,anchor,1
Asghar,8,2026-09-23 18:10:47,2,filled,2.0,25,6,hamster,0
Asghar,8,2026-09-23 18:10:47,2,filled,2.0,25,7,sleigh,0
Asghar,8,2026-09-23 18:10:47,2,filled,2.0,25,8,shell,0
Asghar,8,2026-09-23 18:10:47,2,filled,2.0,25,9,knuckle,0
Asghar,8,2026-09-23 18:10:47,2,filled,2.0,25,10,dagger,0
Asghar,8,2026-09-23 18:10:47,2,filled,2.0,25,11,forest,0
Asghar,8,2026-09-23 18:10:47,2,filled,2.0,25,12,nozzle,1
Asghar,8,2026-09-23 18:10:47,2,filled,2.0,25,13,button,1
Asghar,8,2026-09-23 18:10:47,3,fast,0.5,0,1,knife,1
Asghar,8,2026-09-23 18:10:47,3,fast,0.5,0,2,parrot,0
Asghar,8,2026-09-23 18:10:47,3,fast,0.5,0,3,shell,0
Asghar,8,2026-09-23 18:10:47,3,fast,0.5,0,4,brick,1
Asghar,8,2026-09-23 18:10:47,3,fast,0.5,0,5,bridge,1
Asghar,8,2026-09-23 18:10:47,3,fast,0.5,0,6,curtain,1
Asghar,8,2026-09-23 18:10:47,3,fast,0.5,0,7,balloon,0
Asghar,8,2026-09-23 18:10:47,3,fast,0.5,0,8,cello,0
Asghar,8,2026-09-23 18:10:47,3,fast,0.5,0,9,cabin,0
Asghar,8,2026-09-23 18:10:47,3,fast,0.5,0,10,island,0
Asghar,8,2026-09-23 18:10:47,3,fast,0.5,0,11,helmet,0
Asghar,8,2026-09-23 18:10:47,3,fast,0.5,0,12,ticket,0
Asghar,8,2026-09-23 18:10:47,3,fast,0.5,0,13,blouse,1
Asghar,8,2026-09-23 18:10:47,4,pause,2.0,25,1,eagle,1
Asghar,8,2026-09-23 18:10:47,4,pause,2.0,25,2,ribbon,1
Asghar,8,2026-09-23 18:10:47,4,pause,2.0,25,3,pencil,1
Asghar,8,2026-09-23 18:10:47,4,pause,2.0,25,4,mitten,0
Asghar,8,2026-09-23 18:10:47,4,pause,2.0,25,5,apron,1
Asghar,8,2026-09-23 18:10:47,4,pause,2.0,25,6,fabric,0
Asghar,8,2026-09-23 18:10:47,4,pause,2.0,25,7,glass,0
Asghar,8,2026-09-23 18:10:47,4,pause,2.0,25,8,clock,1
Asghar,8,2026-09-23 18:10:47,4,pause,2.0,25,9,glider,0
Asghar,8,2026-09-23 18:10:47,4,pause,2.0,25,10,garden,0
Asghar,8,2026-09-23 18:10:47,4,pause,2.0,25,11,raccoon,0
Asghar,8,2026-09-23 18:10:47,4,pause,2.0,25,12,ivory,1
Asghar,8,2026-09-23 18:10:47,4,pause,2.0,25,13,buckle,0
Asghar,9,2026-09-24 18:16:07,1,filled,2.0,25,1,pocket,0
Asghar,9,2026-09-24 18:16:07,1,filled,2.0,25,2,ribbon,1
Asghar,9,2026-09-24 18:16:07,1,filled,2.0,25,3,cloud,1
Asghar,9,2026-09-24 18:16:07,1,filled,2.0,25,4,torch,1
Asghar,9,2026-09-24 18:16:07,1,filled,2.0,25,5,bottle,0
Asghar,9,2026-09-24 18:16:07,1,filled,2.0,25,6,camera,1
Asghar,9,2026-09-24 18:16:07,1,filled,2.0,25,7,eagle,0
Asghar,9,2026-09-24 18:16:07,1,filled,2.0,25,8,ladder,0
Asghar,9,2026-09-24 18:16:07,1,filled,2.0,25,9,oyster,0
Asghar,9,2026-09-24 18:16:07,1,filled,2.0,25,10,horse,0
Asghar,9,2026-09-24 18:16:07,1,filled,2.0,25,11,sausage,1
Asghar,9,2026-09-24 18:16:07,1,filled,2.0,25,12,glass,0
Asghar,9,2026-09-24 18:16:07,1,filled,2.0,25,13,brick,0
Asghar,9,2026-09-24 18:16:07,2,fast,0.5,0,1,ribbon,1
Asghar,9,2026-09-24 18:16:07,2,fast,0.5,0,2,camera,1
Asghar,9,2026-09-24 18:16:07,2,fast,0.5,0,3,garden,1
Asghar,9,2026-09-24 18:16:07,2,fast,0.5,0,4,sword,0
Asghar,9,2026-09-24 18:16:07,2,fast,0.5,0,5,river,0
Asghar,9,2026-09-24 18:16:07,2,fast,0.5,0,6,stone,1
Asghar,9,2026-09-24 18:16:07,2,fast,0.5,0,7,hamster,0
Asghar,9,2026-09-24 18:16:07,2,fast,0.5,0,8,pickle,0
Asghar,9,2026-09-24 18:16:07,2,fast,0.5,0,9,parrot,1
Asghar,9,2026-09-24 18:16:07,2,fast,0.5,0,10,puzzle,0
Asghar,9,2026-09-24 18:16:07,2,fast,0.5,0,11,walnut,0
Asghar,9,2026-09-24 18:16:07,2,fast,0.5,0,12,thunder,0
Asghar,9,2026-09-24 18:16:07,2,fast,0.5,0,13,apron,1
Asghar,9,2026-09-24 18:16:07,3,pause,2.0,25,1,knuckle,1
Asghar,9,2026-09-24 18:16:07,3,pause,2.0,25,2,glove,1
Asghar,9,2026-09-24 18:16:07,3,pause,2.0,25,3,helmet,0
Asghar,9,2026-09-24 18:16:07,3,pause,2.0,25,4,plant,1
Asghar,9,2026-09-24 18:16:07,3,pause,2.0,25,5,saddle,0
Asghar,9,2026-09-24 18:16:07,3,pause,2.0,25,6,nozzle,0
Asghar,9,2026-09-24 18:16:07,3,pause,2.0,25,7,thunder,1
Asghar,9,2026-09-24 18:16:07,3,pause,2.0,25,8,sword,0
Asghar,9,2026-09-24 18:16:07,3,pause,2.0,25,9,flame,1
Asghar,9,2026-09-24 18:16:07,3,pause,2.0,25,10,lemon,0
Asghar,9,2026-09-24 18:16:07,3,pause,2.0,25,11,knife,0
Asghar,9,2026-09-24 18:16:07,3,pause,2.0,25,12,window,1
Asghar,9,2026-09-24 18:16:07,3,pause,2.0,25,13,island,1
Asghar,9,2026-09-24 18:16:07,4,standard,2.0,0,1,parrot,0
Asghar,9,2026-09-24 18:16:07,4,standard,2.0,0,2,blanket,0
Asghar,9,2026-09-24 18:16:07,4,standard,2.0,0,3,eagle,0
Asghar,9,2026-09-24 18:16:07,4,standard,2.0,0,4,cabin,0
Asghar,9,2026-09-24 18:16:07,4,standard,2.0,0,5,jacket,0
Asghar,9,2026-09-24 18:16:07,4,standard,2.0,0,6,magnet,0
Asghar,9,2026-09-24 18:16:07,4,standard,2.0,0,7,harvest,0
Asghar,9,2026-09-24 18:16:07,4,standard,2.0,0,8,biscuit,0
Asghar,9,2026-09-24 18:16:07,4,standard,2.0,0,9,knuckle,1
Asghar,9,2026-09-24 18:16:07,4,standard,2.0,0,10,saddle,0
Asghar,9,2026-09-24 18:16:07,4,standard,2.0,0,11,buckle,0
Asghar,9,2026-09-24 18:16:07,4,standard,2.0,0,12,mitten,1
Asghar,9,2026-09-24 18:16:07,4,standard,2.0,0,13,dagger,1
Asghar,10,2026-09-24 19:30:53,1,pause,2.0,25,1,eagle,1
Asghar,10,2026-09-24 19:30:53,1,pause,2.0,25,2,spoon,1
Asghar,10,2026-09-24 19:30:53,1,pause,2.0,25,3,frame,1
Asghar,10,2026-09-24 19:30:53,1,pause,2.0,25,4,bagpipe,1
Asghar,10,2026-09-24 19:30:53,1,pause,2.0,25,5,glacier,0
Asghar,10,2026-09-24 19:30:53,1,pause,2.0,25,6,chair,1
Asghar,10,2026-09-24 19:30:53,1,pause,2.0,25,7,blanket,0
Asghar,10,2026-09-24 19:30:53,1,pause,2.0,25,8,ivory,0
Asghar,10,2026-09-24 19:30:53,1,pause,2.0,25,9,jacket,0
Asghar,10,2026-09-24 19:30:53,1,pause,2.0,25,10,whistle,0
Asghar,10,2026-09-24 19:30:53,1,pause,2.0,25,11,mitten,1
Asghar,10,2026-09-24 19:30:53,1,pause,2.0,25,12,harvest,1
Asghar,10,2026-09-24 19:30:53,1,pause,2.0,25,13,candle,0
Asghar,10,2026-09-24 19:30:53,2,standard,2.0,0,1,cloud,1
Asghar,10,2026-09-24 19:30:53,2,standard,2.0,0,2,gate,1
Asghar,10,2026-09-24 19:30:53,2,standard,2.0,0,3,goblet,0
Asghar,10,2026-09-24 19:30:53,2,standard,2.0,0,4,knuckle,0
Asghar,10,2026-09-24 19:30:53,2,standard,2.0,0,5,apron,1
Asghar,10,2026-09-24 19:30:53,2,standard,2.0,0,6,chair,0
Asghar,10,2026-09-24 19:30:53,2,standard,2.0,0,7,puzzle,0
Asghar,10,2026-09-24 19:30:53,2,standard,2.0,0,8,sausage,1
Asghar,10,2026-09-24 19:30:53,2,standard,2.0,0,9,needle,0
Asghar,10,2026-09-24 19:30:53,2,standard,2.0,0,10,monster,0
Asghar,10,2026-09-24 19:30:53,2,standard,2.0,0,11,pocket,1
Asghar,10,2026-09-24 19:30:53,2,standard,2.0,0,12,dagger,1
Asghar,10,2026-09-24 19:30:53,2,standard,2.0,0,13,clock,1
Asghar,10,2026-09-24 19:30:53,3,fast,0.5,0,1,cloud,0
Asghar,10,2026-09-24 19:30:53,3,fast,0.5,0,2,feather,0
Asghar,10,2026-09-24 19:30:53,3,fast,0.5,0,3,chariot,1
Asghar,10,2026-09-24 19:30:53,3,fast,0.5,0,4,spine,0
Asghar,10,2026-09-24 19:30:53,3,fast,0.5,0,5,dagger,0
Asghar,10,2026-09-24 19:30:53,3,fast,0.5,0,6,magnet,0
Asghar,10,2026-09-24 19:30:53,3,fast,0.5,0,7,river,0
Asghar,10,2026-09-24 19:30:53,3,fast,0.5,0,8,forest,0
Asghar,10,2026-09-24 19:30:53,3,fast,0.5,0,9,violin,1
Asghar,10,2026-09-24 19:30:53,3,fast,0.5,0,10,hammer,0
Asghar,10,2026-09-24 19:30:53,3,fast,0.5,0,11,walnut,0
Asghar,10,2026-09-24 19:30:53,3,fast,0.5,0,12,ribbon,1
Asghar,10,2026-09-24 19:30:53,3,fast,0.5,0,13,mitten,1
Asghar,10,2026-09-24 19:30:53,4,filled,2.0,25,1,flame,1
Asghar,10,2026-09-24 19:30:53,4,filled,2.0,25,2,monster,1
Asghar,10,2026-09-24 19:30:53,4,filled,2.0,25,3,engine,0
Asghar,10,2026-09-24 19:30:53,4,filled,2.0,25,4,insect,0
Asghar,10,2026-09-24 19:30:53,4,filled,2.0,25,5,walnut,0
Asghar,10,2026-09-24 19:30:53,4,filled,2.0,25,6,nozzle,0
Asghar,10,2026-09-24 19:30:53,4,filled,2.0,25,7,brick,1
Asghar,10,2026-09-24 19:30:53,4,filled,2.0,25,8,chain,0
Asghar,10,2026-09-24 19:30:53,4,filled,2.0,25,9,sword,1
Asghar,10,2026-09-24 19:30:53,4,filled,2.0,25,10,clock,1
Asghar,10,2026-09-24 19:30:53,4,filled,2.0,25,11,eagle,0
Asghar,10,2026-09-24 19:30:53,4,filled,2.0,25,12,chair,0
Asghar,10,2026-09-24 19:30:53,4,filled,2.0,25,13,finger,0
Asghar,11,2026-09-25 19:05:25,1,standard,2.0,0,1,fabric,1
Asghar,11,2026-09-25 19:05:25,1,standard,2.0,0,2,lemon,0
Asghar,11,2026-09-25 19:05:25,1,standard,2.0,0,3,moss,1
Asghar,11,2026-09-25 19:05:25,1,standard,2.0,0,4,crown,0
Asghar,11,2026-09-25 19:05:25,1,standard,2.0,0,5,pancake,0
Asghar,11,2026-09-25 19:05:25,1,standard,2.0,0,6,pencil,0
Asghar,11,2026-09-25 19:05:25,1,standard,2.0,0,7,machine,0
Asghar,11,2026-09-25 19:05:25,1,standard,2.0,0,8,balloon,0
Asghar,11,2026-09-25 19:05:25,1,standard,2.0,0,9,cloud,0
Asghar,11,2026-09-25 19:05:25,1,standard,2.0,0,10,pebble,1
Asghar,11,2026-09-25 19:05:25,1,standard,2.0,0,11,sleigh,1
Asghar,11,2026-09-25 19:05:25,1,standard,2.0,0,12,biscuit,1
Asghar,11,2026-09-25 19:05:25,1,standard,2.0,0,13,oyster,1
Asghar,11,2026-09-25 19:05:25,2,fast,0.5,0,1,spine,1
Asghar,11,2026-09-25 19:05:25,2,fast,0.5,0,2,dagger,0
Asghar,11,2026-09-25 19:05:25,2,fast,0.5,0,3,plant,0
Asghar,11,2026-09-25 19:05:25,2,fast,0.5,0,4,candle,0
Asghar,11,2026-09-25 19:05:25,2,fast,0.5,0,5,biscuit,1
Asghar,11,2026-09-25 19:05:25,2,fast,0.5,0,6,garden,0
Asghar,11,2026-09-25 19:05:25,2,fast,0.5,0,7,insect,0
Asghar,11,2026-09-25 19:05:25,2,fast,0.5,0,8,basket,0
Asghar,11,2026-09-25 19:05:25,2,fast,0.5,0,9,sausage,0
Asghar,11,2026-09-25 19:05:25,2,fast,0.5,0,10,gate,0
Asghar,11,2026-09-25 19:05:25,2,fast,0.5,0,11,whistle,0
Asghar,11,2026-09-25 19:05:25,2,fast,0.5,0,12,stone,0
Asghar,11,2026-09-25 19:05:25,2,fast,0.5,0,13,mitten,1
Asghar,11,2026-09-25 19:05:25,3,filled,2.0,25,1,cage,1
Asghar,11,2026-09-25 19:05:25,3,filled,2.0,25,2,lemon,1
Asghar,11,2026-09-25 19:05:25,3,filled,2.0,25,3,sword,1
Asghar,11,2026-09-25 19:05:25,3,filled,2.0,25,4,thunder,0
Asghar,11,2026-09-25 19:05:25,3,filled,2.0,25,5,pebble,0
Asghar,11,2026-09-25 19:05:25,3,filled,2.0,25,6,camera,0
Asghar,11,2026-09-25 19:05:25,3,filled,2.0,25,7,candle,0
Asghar,11,2026-09-25 19:05:25,3,filled,2.0,25,8,swamp,0
Asghar,11,2026-09-25 19:05:25,3,filled,2.0,25,9,jungle,0
Asghar,11,2026-09-25 19:05:25,3,filled,2.0,25,10,meadow,0
Asghar,11,2026-09-25 19:05:25,3,filled,2.0,25,11,basket,0
Asghar,11,2026-09-25 19:05:25,3,filled,2.0,25,12,almond,0
Asghar,11,2026-09-25 19:05:25,3,filled,2.0,25,13,dagger,1
Asghar,11,2026-09-25 19:05:25,4,pause,2.0,25,1,crayon,1
Asghar,11,2026-09-25 19:05:25,4,pause,2.0,25,2,hamster,1
Asghar,11,2026-09-25 19:05:25,4,pause,2.0,25,3,trophy,1
Asghar,11,2026-09-25 19:05:25,4,pause,2.0,25,4,biscuit,0
Asghar,11,2026-09-25 19:05:25,4,pause,2.0,25,5,horse,0
Asghar,11,2026-09-25 19:05:25,4,pause,2.0,25,6,glove,0
Asghar,11,2026-09-25 19:05:25,4,pause,2.0,25,7,eagle,1
Asghar,11,2026-09-25 19:05:25,4,pause,2.0,25,8,chariot,0
Asghar,11,2026-09-25 19:05:25,4,pause,2.0,25,9,violin,1
Asghar,11,2026-09-25 19:05:25,4,pause,2.0,25,10,napkin,0
Asghar,11,2026-09-25 19:05:25,4,pause,2.0,25,11,walnut,0
Asghar,11,2026-09-25 19:05:25,4,pause,2.0,25,12,cello,1
Asghar,11,2026-09-25 19:05:25,4,pause,2.0,25,13,ladder,1
Asghar,12,2026-09-25 19:10:49,1,pause,2.0,25,1,guitar,1
Asghar,12,2026-09-25 19:10:49,1,pause,2.0,25,2,blade,0
Asghar,12,2026-09-25 19:10:49,1,pause,2.0,25,3,castle,1
Asghar,12,2026-09-25 19:10:49,1,pause,2.0,25,4,spoon,1
Asghar,12,2026-09-25 19:10:49,1,pause,2.0,25,5,torch,0
Asghar,12,2026-09-25 19:10:49,1,pause,2.0,25,6,camera,0
Asghar,12,2026-09-25 19:10:49,1,pause,2.0,25,7,ticket,1
Asghar,12,2026-09-25 19:10:49,1,pause,2.0,25,8,dagger,0
Asghar,12,2026-09-25 19:10:49,1,pause,2.0,25,9,spine,0
Asghar,12,2026-09-25 19:10:49,1,pause,2.0,25,10,cabin,1
Asghar,12,2026-09-25 19:10:49,1,pause,2.0,25,11,apron,0
Asghar,12,2026-09-25 19:10:49,1,pause,2.0,25,12,glacier,1
Asghar,12,2026-09-25 19:10:49,1,pause,2.0,25,13,harp,1
Asghar,12,2026-09-25 19:10:49,2,fast,0.5,0,1,moss,1
Asghar,12,2026-09-25 19:10:49,2,fast,0.5,0,2,saddle,1
Asghar,12,2026-09-25 19:10:49,2,fast,0.5,0,3,camera,1
Asghar,12,2026-09-25 19:10:49,2,fast,0.5,0,4,meadow,0
Asghar,12,2026-09-25 19:10:49,2,fast,0.5,0,5,shell,0
Asghar,12,2026-09-25 19:10:49,2,fast,0.5,0,6,napkin,1
Asghar,12,2026-09-25 19:10:49,2,fast,0.5,0,7,fabric,0
Asghar,12,2026-09-25 19:10:49,2,fast,0.5,0,8,gate,0
Asghar,12,2026-09-25 19:10:49,2,fast,0.5,0,9,spine,1
Asghar,12,2026-09-25 19:10:49,2,fast,0.5,0,10,jacket,0
Asghar,12,2026-09-25 19:10:49,2,fast,0.5,0,11,river,0
Asghar,12,2026-09-25 19:10:49,2,fast,0.5,0,12,hamster,1
Asghar,12,2026-09-25 19:10:49,2,fast,0.5,0,13,candle,1
Asghar,12,2026-09-25 19:10:49,3,filled,2.0,25,1,swamp,1
Asghar,12,2026-09-25 19:10:49,3,filled,2.0,25,2,frame,1
Asghar,12,2026-09-25 19:10:49,3,filled,2.0,25,3,ribbon,0
Asghar,12,2026-09-25 19:10:49,3,filled,2.0,25,4,river,1
Asghar,12,2026-09-25 19:10:49,3,filled,2.0,25,5,blanket,0
Asghar,12,2026-09-25 19:10:49,3,filled,2.0,25,6,crayon,0
Asghar,12,2026-09-25 19:10:49,3,filled,2.0,25,7,needle,0
Asghar,12,2026-09-25 19:10:49,3,filled,2.0,25,8,saddle,0
Asghar,12,2026-09-25 19:10:49,3,filled,2.0,25,9,goblet,0
Asghar,12,2026-09-25 19:10:49,3,filled,2.0,25,10,cabin,1
Asghar,12,2026-09-25 19:10:49,3,filled,2.0,25,11,torch,0
Asghar,12,2026-09-25 19:10:49,3,filled,2.0,25,12,hammer,1
Asghar,12,2026-09-25 19:10:49,3,filled,2.0,25,13,dagger,0
Asghar,12,2026-09-25 19:10:49,4,standard,2.0,0,1,machine,0
Asghar,12,2026-09-25 19:10:49,4,standard,2.0,0,2,pancake,1
Asghar,12,2026-09-25 19:10:49,4,standard,2.0,0,3,frame,1
Asghar,12,2026-09-25 19:10:49,4,standard,2.0,0,4,knuckle,1
Asghar,12,2026-09-25 19:10:49,4,standard,2.0,0,5,spine,0
Asghar,12,2026-09-25 19:10:49,4,standard,2.0,0,6,glacier,1
Asghar,12,2026-09-25 19:10:49,4,standard,2.0,0,7,engine,0
Asghar,12,2026-09-25 19:10:49,4,standard,2.0,0,8,blouse,1
Asghar,12,2026-09-25 19:10:49,4,standard,2.0,0,9,bagpipe,1
Asghar,12,2026-09-25 19:10:49,4,standard,2.0,0,10,balloon,1
Asghar,12,2026-09-25 19:10:49,4,standard,2.0,0,11,glove,0
Asghar,12,2026-09-25 19:10:49,4,standard,2.0,0,12,hammer,0
Asghar,12,2026-09-25 19:10:49,4,standard,2.0,0,13,nozzle,1
Asghar,13,2026-09-26 18:48:58,1,standard,2.0,0,1,rope,1
Asghar,13,2026-09-26 18:48:58,1,standard,2.0,0,2,magnet,1
Asghar,13,2026-09-26 18:48:58,1,standard,2.0,0,3,feather,1
Asghar,13,2026-09-26 18:48:58,1,standard,2.0,0,4,garden,0
Asghar,13,2026-09-26 18:48:58,1,standard,2.0,0,5,machine,1
Asghar,13,2026-09-26 18:48:58,1,standard,2.0,0,6,guitar,1
Asghar,13,2026-09-26 18:48:58,1,standard,2.0,0,7,knuckle,0
Asghar,13,2026-09-26 18:48:58,1,standard,2.0,0,8,apron,0
Asghar,13,2026-09-26 18:48:58,1,standard,2.0,0,9,castle,0
Asghar,13,2026-09-26 18:48:58,1,standard,2.0,0,10,pencil,0
Asghar,13,2026-09-26 18:48:58,1,standard,2.0,0,11,clock,0
Asghar,13,2026-09-26 18:48:58,1,standard,2.0,0,12,curtain,0
Asghar,13,2026-09-26 18:48:58,1,standard,2.0,0,13,fabric,0
Asghar,13,2026-09-26 18:48:58,2,pause,2.0,25,1,buckle,1
Asghar,13,2026-09-26 18:48:58,2,pause,2.0,25,2,apron,1
Asghar,13,2026-09-26 18:48:58,2,pause,2.0,25,3,gate,1
Asghar,13,2026-09-26 18:48:58,2,pause,2.0,25,4,wheel,0
Asghar,13,2026-09-26 18:48:58,2,pause,2.0,25,5,sleigh,0
Asghar,13,2026-09-26 18:48:58,2,pause,2.0,25,6,compass,1
Asghar,13,2026-09-26 18:48:58,2,pause,2.0,25,7,sausage,1
Asghar,13,2026-09-26 18:48:58,2,pause,2.0,25,8,harvest,0
Asghar,13,2026-09-26 18:48:58,2,pause,2.0,25,9,rope,1
Asghar,13,2026-09-26 18:48:58,2,pause,2.0,25,10,cello,0
Asghar,13,2026-09-26 18:48:58,2,pause,2.0,25,11,clock,1
Asghar,13,2026-09-26 18:48:58,2,pause,2.0,25,12,window,1
Asghar,13,2026-09-26 18:48:58,2,pause,2.0,25,13,glass,1
Asghar,13,2026-09-26 18:48:58,3,fast,0.5,0,1,button,1
Asghar,13,2026-09-26 18:48:58,3,fast,0.5,0,2,jacket,0
Asghar,13,2026-09-26 18:48:58,3,fast,0.5,0,3,marble,0
Asghar,13,2026-09-26 18:48:58,3,fast,0.5,0,4,ticket,1
Asghar,13,2026-09-26 18:48:58,3,fast,0.5,0,5,rocket,0
Asghar,13,2026-09-26 18:48:58,3,fast,0.5,0,6,ladder,0
Asghar,13,2026-09-26 18:48:58,3,fast,0.5,0,7,basket,0
Asghar,13,2026-09-26 18:48:58,3,fast,0.5,0,8,cello,1
Asghar,13,2026-09-26 18:48:58,3,fast,0.5,0,9,plant,0
Asghar,13,2026-09-26 18:48:58,3,fast,0.5,0,10,helmet,1
Asghar,13,2026-09-26 18:48:58,3,fast,0.5,0,11,biscuit,0
Asghar,13,2026-09-26 18:48:58,3,fast,0.5,0,12,glove,1
Asghar,13,2026-09-26 18:48:58,3,fast,0.5,0,13,engine,0
Asghar,13,2026-09-26 18:48:58,4,filled,2.0,25,1,cage,1
Asghar,13,2026-09-26 18:48:58,4,filled,2.0,25,2,plant,0
Asghar,13,2026-09-26 18:48:58,4,filled,2.0,25,3,stone,0
Asghar,13,2026-09-26 18:48:58,4,filled,2.0,25,4,zipper,1
Asghar,13,2026-09-26 18:48:58,4,filled,2.0,25,5,feather,0
Asghar,13,2026-09-26 18:48:58,4,filled,2.0,25,6,walnut,0
Asghar,13,2026-09-26 18:48:58,4,filled,2.0,25,7,cello,0
Asghar,13,2026-09-26 18:48:58,4,filled,2.0,25,8,cloud,0
Asghar,13,2026-09-26 18:48:58,4,filled,2.0,25,9,hamster,0
Asghar,13,2026-09-26 18:48:58,4,filled,2.0,25,10,river,0
Asghar,13,2026-09-26 18:48:58,4,filled,2.0,25,11,forest,1
Asghar,13,2026-09-26 18:48:58,4,filled,2.0,25,12,curtain,0
Asghar,13,2026-09-26 18:48:58,4,filled,2.0,25,13,raccoon,1
Asghar,14,2026-09-27 18:28:31,1,fast,0.5,0,1,walnut,0
Asghar,14,2026-09-27 18:28:31,1,fast,0.5,0,2,candle,1
Asghar,14,2026-09-27 18:28:31,1,fast,0.5,0,3,ivory,0
Asghar,14,2026-09-27 18:28:31,1,fast,0.5,0,4,chair,1
Asghar,14,2026-09-27 18:28:31,1,fast,0.5,0,5,zipper,0
Asghar,14,2026-09-27 18:28:31,1,fast,0.5,0,6,buckle,0
Asghar,14,2026-09-27 18:28:31,1,fast,0.5,0,7,needle,1
Asghar,14,2026-09-27 18:28:31,1,fast,0.5,0,8,engine,1
Asghar,14,2026-09-27 18:28:31,1,fast,0.5,0,9,lemon,0
Asghar,14,2026-09-27 18:28:31,1,fast,0.5,0,10,island,0
Asghar,14,2026-09-27 18:28:31,1,fast,0.5,0,11,cabin,1
Asghar,14,2026-09-27 18:28:31,1,fast,0.5,0,12,castle,1
Asghar,14,2026-09-27 18:28:31,1,fast,0.5,0,13,glacier,1
Asghar,14,2026-09-27 18:28:31,2,filled,2.0,25,1,almond,1
Asghar,14,2026-09-27 18:28:31,2,filled,2.0,25,2,chariot,1
Asghar,14,2026-09-27 18:28:31,2,filled,2.0,25,3,glider,0
Asghar,14,2026-09-27 18:28:31,2,filled,2.0,25,4,ladder,1
Asghar,14,2026-09-27 18:28:31,2,filled,2.0,25,5,camera,0
Asghar,14,2026-09-27 18:28:31,2,filled,2.0,25,6,trophy,0
Asghar,14,2026-09-27 18:28:31,2,filled,2.0,25,7,cloud,0
Asghar,14,2026-09-27 18:28:31,2,filled,2.0,25,8,helmet,0
Asghar,14,2026-09-27 18:28:31,2,filled,2.0,25,9,balloon,0
Asghar,14,2026-09-27 18:28:31,2,filled,2.0,25,10,horse,0
Asghar,14,2026-09-27 18:28:31,2,filled,2.0,25,11,glove,1
Asghar,14,2026-09-27 18:28:31,2,filled,2.0,25,12,wheel,1
Asghar,14,2026-09-27 18:28:31,2,filled,2.0,25,13,needle,1
Asghar,14,2026-09-27 18:28:31,3,pause,2.0,25,1,walnut,1
Asghar,14,2026-09-27 18:28:31,3,pause,2.0,25,2,monster,1
Asghar,14,2026-09-27 18:28:31,3,pause,2.0,25,3,window,1
Asghar,14,2026-09-27 18:28:31,3,pause,2.0,25,4,river,0
Asghar,14,2026-09-27 18:28:31,3,pause,2.0,25,5,ticket,0
Asghar,14,2026-09-27 18:28:31,3,pause,2.0,25,6,bridge,1
Asghar,14,2026-09-27 18:28:31,3,pause,2.0,25,7,ladder,0
Asghar,14,2026-09-27 18:28:31,3,pause,2.0,25,8,hedge,0
Asghar,14,2026-09-27 18:28:31,3,pause,2.0,25,9,shell,0
Asghar,14,2026-09-27 18:28:31,3,pause,2.0,25,10,helmet,1
Asghar,14,2026-09-27 18:28:31,3,pause,2.0,25,11,engine,1
Asghar,14,2026-09-27 18:28:31,3,pause,2.0,25,12,plant,0
Asghar,14,2026-09-27 18:28:31,3,pause,2.0,25,13,bagpipe,0
Asghar,14,2026-09-27 18:28:31,4,standard,2.0,0,1,stone,1
Asghar,14,2026-09-27 18:28:31,4,standard,2.0,0,2,chariot,1
Asghar,14,2026-09-27 18:28:31,4,standard,2.0,0,3,crayon,1
Asghar,14,2026-09-27 18:28:31,4,standard,2.0,0,4,biscuit,1
Asghar,14,2026-09-27 18:28:31,4,standard,2.0,0,5,swamp,1
Asghar,14,2026-09-27 18:28:31,4,standard,2.0,0,6,cage,0
Asghar,14,2026-09-27 18:28:31,4,standard,2.0,0,7,moss,0
Asghar,14,2026-09-27 18:28:31,4,standard,2.0,0,8,frame,0
Asghar,14,2026-09-27 18:28:31,4,standard,2.0,0,9,rope,1
Asghar,14,2026-09-27 18:28:31,4,standard,2.0,0,10,compass,1
Asghar,14,2026-09-27 18:28:31,4,standard,2.0,0,11,chair,1
Asghar,14,2026-09-27 18:28:31,4,standard,2.0,0,12,glove,1
Asghar,14,2026-09-27 18:28:31,4,standard,2.0,0,13,buckle,1
Asghar,15,2026-09-27 19:13:24,1,standard,2.0,0,1,whistle,1
Asghar,15,2026-09-27 19:13:24,1,standard,2.0,0,2,feather,1
Asghar,15,2026-09-27 19:13:24,1,standard,2.0,0,3,blanket,0
Asghar,15,2026-09-27 19:13:24,1,standard,2.0,0,4,rocket,1
Asghar,15,2026-09-27 19:13:24,1,standard,2.0,0,5,harp,0
Asghar,15,2026-09-27 19:13:24,1,standard,2.0,0,6,glacier,0
Asghar,15,2026-09-27 19:13:24,1,standard,2.0,0,7,chariot,0
Asghar,15,2026-09-27 19:13:24,1,standard,2.0,0,8,torch,0
Asghar,15,2026-09-27 19:13:24,1,standard,2.0,0,9,goblet,0
Asghar,15,2026-09-27 19:13:24,1,standard,2.0,0,10,mitten,0
Asghar,15,2026-09-27 19:13:24,1,standard,2.0,0,11,anchor,1
Asghar,15,2026-09-27 19:13:24,1,standard,2.0,0,12,candle,0
Asghar,15,2026-09-27 19:13:24,1,standard,2.0,0,13,spoon,1
Asghar,15,2026-09-27 19:13:24,2,fast,0.5,0,1,river,1
Asghar,15,2026-09-27 19:13:24,2,fast,0.5,0,2,knife,1
Asghar,15,2026-09-27 19:13:24,2,fast,0.5,0,3,horse,1
Asghar,15,2026-09-27 19:13:24,2,fast,0.5,0,4,harp,0
Asghar,15,2026-09-27 19:13:24,2,fast,0.5,0,5,magnet,0
Asghar,15,2026-09-27 19:13:24,2,fast,0.5,0,6,curtain,0
Asghar,15,2026-09-27 19:13:24,2,fast,0.5,0,7,hamster,0
Asghar,15,2026-09-27 19:13:24,2,fast,0.5,0,8,pebble,0
Asghar,15,2026-09-27 19:13:24,2,fast,0.5,0,9,moss,1
Asghar,15,2026-09-27 19:13:24,2,fast,0.5,0,10,oyster,0
Asghar,15,2026-09-27 19:13:24,2,fast,0.5,0,11,basket,0
Asghar,15,2026-09-27 19:13:24,2,fast,0.5,0,12,marble,1
Asghar,15,2026-09-27 19:13:24,2,fast,0.5,0,13,balloon,0
Asghar,15,2026-09-27 19:13:24,3,pause,2.0,25,1,lemon,1
Asghar,15,2026-09-27 19:13:24,3,pause,2.0,25,2,button,0
Asghar,15,2026-09-27 19:13:24,3,pause,2.0,25,3,curtain,0
Asghar,15,2026-09-27 19:13:24,3,pause,2.0,25,4,chariot,1
Asghar,15,2026-09-27 19:13:24,3,pause,2.0,25,5,raccoon,0
Asghar,15,2026-09-27 19:13:24,3,pause,2.0,25,6,violin,0
Asghar,15,2026-09-27 19:13:24,3,pause,2.0,25,7,candle,0
Asghar,15,2026-09-27 19:13:24,3,pause,2.0,25,8,zipper,0
Asghar,15,2026-09-27 19:13:24,3,pause,2.0,25,9,walnut,1
Asghar,15,2026-09-27 19:13:24,3,pause,2.0,25,10,buckle,1
Asghar,15,2026-09-27 19:13:24,3,pause,2.0,25,11,marble,0
Asghar,15,2026-09-27 19:13:24,3,pause,2.0,25,12,engine,1
Asghar,15,2026-09-27 19:13:24,3,pause,2.0,25,13,fabric,0
Asghar,15,2026-09-27 19:13:24,4,filled,2.0,25,1,lemon,0
Asghar,15,2026-09-27 19:13:24,4,filled,2.0,25,2,dagger,0
Asghar,15,2026-09-27 19:13:24,4,filled,2.0,25,3,blouse,1
Asghar,15,2026-09-27 19:13:24,4,filled,2.0,25,4,walnut,1
Asghar,15,2026-09-27 19:13:24,4,filled,2.0,25,5,machine,0
Asghar,15,2026-09-27 19:13:24,4,filled,2.0,25,6,blade,0
Asghar,15,2026-09-27 19:13:24,4,filled,2.0,25,7,ticket,1
Asghar,15,2026-09-27 19:13:24,4,filled,2.0,25,8,napkin,0
Asghar,15,2026-09-27 19:13:24,4,filled,2.0,25,9,blanket,0
Asghar,15,2026-09-27 19:13:24,4,filled,2.0,25,10,violin,0
Asghar,15,2026-09-27 19:13:24,4,filled,2.0,25,11,castle,1
Asghar,15,2026-09-27 19:13:24,4,filled,2.0,25,12,wheel,0
Asghar,15,2026-09-27 19:13:24,4,filled,2.0,25,13,guitar,0
Asghar,16,2026-09-28 18:33:22,1,filled,2.0,25,1,anchor,1
Asghar,16,2026-09-28 18:33:22,1,filled,2.0,25,2,blanket,1
Asghar,16,2026-09-28 18:33:22,1,filled,2.0,25,3,saddle,0
Asghar,16,2026-09-28 18:33:22,1,filled,2.0,25,4,compass,1
Asghar,16,2026-09-28 18:33:22,1,filled,2.0,25,5,stone,0
Asghar,16,2026-09-28 18:33:22,1,filled,2.0,25,6,sleigh,0
Asghar,16,2026-09-28 18:33:22,1,filled,2.0,25,7,guitar,0
Asghar,16,2026-09-28 18:33:22,1,filled,2.0,25,8,garden,0
Asghar,16,2026-09-28 18:33:22,1,filled,2.0,25,9,ticket,0
Asghar,16,2026-09-28 18:33:22,1,filled,2.0,25,10,helmet,1
Asghar,16,2026-09-28 18:33:22,1,filled,2.0,25,11,cloud,0
Asghar,16,2026-09-28 18:33:22,1,filled,2.0,25,12,candle,1
Asghar,16,2026-09-28 18:33:22,1,filled,2.0,25,13,blouse,0
Asghar,16,2026-09-28 18:33:22,2,fast,0.5,0,1,forest,0
Asghar,16,2026-09-28 18:33:22,2,fast,0.5,0,2,ribbon,0
Asghar,16,2026-09-28 18:33:22,2,fast,0.5,0,3,saddle,0
Asghar,16,2026-09-28 18:33:22,2,fast,0.5,0,4,anchor,0
Asghar,16,2026-09-28 18:33:22,2,fast,0.5,0,5,rocket,1
Asghar,16,2026-09-28 18:33:22,2,fast,0.5,0,6,pickle,0
Asghar,16,2026-09-28 18:33:22,2,fast,0.5,0,7,eagle,1
Asghar,16,2026-09-28 18:33:22,2,fast,0.5,0,8,helmet,0
Asghar,16,2026-09-28 18:33:22,2,fast,0.5,0,9,hammer,0
Asghar,16,2026-09-28 18:33:22,2,fast,0.5,0,10,cage,0
Asghar,16,2026-09-28 18:33:22,2,fast,0.5,0,11,parrot,0
Asghar,16,2026-09-28 18:33:22,2,fast,0.5,0,12,engine,1
Asghar,16,2026-09-28 18:33:22,2,fast,0.5,0,13,harp,0
Asghar,16,2026-09-28 18:33:22,3,standard,2.0,0,1,apron,1
Asghar,16,2026-09-28 18:33:22,3,standard,2.0,0,2,river,0
Asghar,16,2026-09-28 18:33:22,3,standard,2.0,0,3,puzzle,0
Asghar,16,2026-09-28 18:33:22,3,standard,2.0,0,4,castle,0
Asghar,16,2026-09-28 18:33:22,3,standard,2.0,0,5,knuckle,0
Asghar,16,2026-09-28 18:33:22,3,standard,2.0,0,6,blouse,0
Asghar,16,2026-09-28 18:33:22,3,standard,2.0,0,7,guitar,0
Asghar,16,2026-09-28 18:33:22,3,standard,2.0,0,8,chain,0
Asghar,16,2026-09-28 18:33:22,3,standard,2.0,0,9,knife,0
Asghar,16,2026-09-28 18:33:22,3,standard,2.0,0,10,magnet,1
Asghar,16,2026-09-28 18:33:22,3,standard,2.0,0,11,gate,1
Asghar,16,2026-09-28 18:33:22,3,standard,2.0,0,12,ladder,1
Asghar,16,2026-09-28 18:33:22,3,standard,2.0,0,13,raccoon,1
Asghar,16,2026-09-28 18:33:22,4,pause,2.0,25,1,compass,1
Asghar,16,2026-09-28 18:33:22,4,pause,2.0,25,2,machine,0
Asghar,16,2026-09-28 18:33:22,4,pause,2.0,25,3,hammer,0
Asghar,16,2026-09-28 18:33:22,4,pause,2.0,25,4,zipper,0
Asghar,16,2026-09-28 18:33:22,4,pause,2.0,25,5,candle,0
Asghar,16,2026-09-28 18:33:22,4,pause,2.0,25,6,marble,0
Asghar,16,2026-09-28 18:33:22,4,pause,2.0,25,7,harvest,0
Asghar,16,2026-09-28 18:33:22,4,pause,2.0,25,8,bridge,1
Asghar,16,2026-09-28 18:33:22,4,pause,2.0,25,9,stone,0
Asghar,16,2026-09-28 18:33:22,4,pause,2.0,25,10,violin,1
Asghar,16,2026-09-28 18:33:22,4,pause,2.0,25,11,bottle,0
Asghar,16,2026-09-28 18:33:22,4,pause,2.0,25,12,almond,0
Asghar,16,2026-09-28 18:33:22,4,pause,2.0,25,13,chain,1
Asghar,17,2026-09-28 19:08:07,1,pause,2.0,25,1,blanket,1
Asghar,17,2026-09-28 19:08:07,1,pause,2.0,25,2,nozzle,1
Asghar,17,2026-09-28 19:08:07,1,pause,2.0,25,3,dagger,1
Asghar,17,2026-09-28 19:08:07,1,pause,2.0,25,4,cage,0
Asghar,17,2026-09-28 19:08:07,1,pause,2.0,25,5,ribbon,0
Asghar,17,2026-09-28 19:08:07,1,pause,2.0,25,6,brick,0
Asghar,17,2026-09-28 19:08:07,1,pause,2.0,25,7,marble,0
Asghar,17,2026-09-28 19:08:07,1,pause,2.0,25,8,garden,1
Asghar,17,2026-09-28 19:08:07,1,pause,2.0,25,9,forest,0
Asghar,17,2026-09-28 19:08:07,1,pause,2.0,25,10,goblet,1
Asghar,17,2026-09-28 19:08:07,1,pause,2.0,25,11,torch,0
Asghar,17,2026-09-28 19:08:07,1,pause,2.0,25,12,eagle,0
Asghar,17,2026-09-28 19:08:07,1,pause,2.0,25,13,parrot,1
Asghar,17,2026-09-28 19:08:07,2,filled,2.0,25,1,sleigh,1
Asghar,17,2026-09-28 19:08:07,2,filled,2.0,25,2,cabin,1
Asghar,17,2026-09-28 19:08:07,2,filled,2.0,25,3,helmet,0
Asghar,17,2026-09-28 19:08:07,2,filled,2.0,25,4,window,0
Asghar,17,2026-09-28 19:08:07,2,filled,2.0,25,5,anchor,0
Asghar,17,2026-09-28 19:08:07,2,filled,2.0,25,6,curtain,0
Asghar,17,2026-09-28 19:08:07,2,filled,2.0,25,7,castle,0
Asghar,17,2026-09-28 19:08:07,2,filled,2.0,25,8,walnut,0
Asghar,17,2026-09-28 19:08:07,2,filled,2.0,25,9,whistle,1
Asghar,17,2026-09-28 19:08:07,2,filled,2.0,25,10,button,0
Asghar,17,2026-09-28 19:08:07,2,filled,2.0,25,11,stone,0
Asghar,17,2026-09-28 19:08:07,2,filled,2.0,25,12,hamster,0
Asghar,17,2026-09-28 19:08:07,2,filled,2.0,25,13,cello,0
Asghar,17,2026-09-28 19:08:07,3,standard,2.0,0,1,garden,1
Asghar,17,2026-09-28 19:08:07,3,standard,2.0,0,2,zipper,1
Asghar,17,2026-09-28 19:08:07,3,standard,2.0,0,3,mitten,1
Asghar,17,2026-09-28 19:08:07,3,standard,2.0,0,4,blade,0
Asghar,17,2026-09-28 19:08:07,3,standard,2.0,0,5,cello,0
Asghar,17,2026-09-28 19:08:07,3,standard,2.0,0,6,hamster,0
Asghar,17,2026-09-28 19:08:07,3,standard,2.0,0,7,napkin,0
Asghar,17,2026-09-28 19:08:07,3,standard,2.0,0,8,glacier,0
Asghar,17,2026-09-28 19:08:07,3,standard,2.0,0,9,hedge,0
Asghar,17,2026-09-28 19:08:07,3,standard,2.0,0,10,whistle,1
Asghar,17,2026-09-28 19:08:07,3,standard,2.0,0,11,crown,0
Asghar,17,2026-09-28 19:08:07,3,standard,2.0,0,12,rocket,1
Asghar,17,2026-09-28 19:08:07,3,standard,2.0,0,13,bridge,1
Asghar,17,2026-09-28 19:08:07,4,fast,0.5,0,1,saddle,0
Asghar,17,2026-09-28 19:08:07,4,fast,0.5,0,2,hammer,1
Asghar,17,2026-09-28 19:08:07,4,fast,0.5,0,3,frame,0
Asghar,17,2026-09-28 19:08:07,4,fast,0.5,0,4,compass,0
Asghar,17,2026-09-28 19:08:07,4,fast,0.5,0,5,pencil,0
Asghar,17,2026-09-28 19:08:07,4,fast,0.5,0,6,thunder,0
Asghar,17,2026-09-28 19:08:07,4,fast,0.5,0,7,parrot,0
Asghar,17,2026-09-28 19:08:07,4,fast,0.5,0,8,blade,1
Asghar,17,2026-09-28 19:08:07,4,fast,0.5,0,9,gate,0
Asghar,17,2026-09-28 19:08:07,4,fast,0.5,0,10,chariot,1
Asghar,17,2026-09-28 19:08:07,4,fast,0.5,0,11,machine,1
Asghar,17,2026-09-28 19:08:07,4,fast,0.5,0,12,cabin,1
Asghar,17,2026-09-28 19:08:07,4,fast,0.5,0,13,meadow,1
Asghar,18,2026-09-29 18:47:44,1,pause,2.0,25,1,harvest,1
Asghar,18,2026-09-29 18:47:44,1,pause,2.0,25,2,plant,1
Asghar,18,2026-09-29 18:47:44,1,pause,2.0,25,3,bottle,0
Asghar,18,2026-09-29 18:47:44,1,pause,2.0,25,4,napkin,0
Asghar,18,2026-09-29 18:47:44,1,pause,2.0,25,5,camera,0
Asghar,18,2026-09-29 18:47:44,1,pause,2.0,25,6,glider,0
Asghar,18,2026-09-29 18:47:44,1,pause,2.0,25,7,puzzle,0
Asghar,18,2026-09-29 18:47:44,1,pause,2.0,25,8,sleigh,1
Asghar,18,2026-09-29 18:47:44,1,pause,2.0,25,9,apron,0
Asghar,18,2026-09-29 18:47:44,1,pause,2.0,25,10,pickle,0
Asghar,18,2026-09-29 18:47:44,1,pause,2.0,25,11,rope,0
Asghar,18,2026-09-29 18:47:44,1,pause,2.0,25,12,sword,1
Asghar,18,2026-09-29 18:47:44,1,pause,2.0,25,13,crayon,1
Asghar,18,2026-09-29 18:47:44,2,filled,2.0,25,1,ivory,1
Asghar,18,2026-09-29 18:47:44,2,filled,2.0,25,2,gate,1
Asghar,18,2026-09-29 18:47:44,2,filled,2.0,25,3,stone,0
Asghar,18,2026-09-29 18:47:44,2,filled,2.0,25,4,spoon,1
Asghar,18,2026-09-29 18:47:44,2,filled,2.0,25,5,blouse,0
Asghar,18,2026-09-29 18:47:44,2,filled,2.0,25,6,zipper,1
Asghar,18,2026-09-29 18:47:44,2,filled,2.0,25,7,button,0
Asghar,18,2026-09-29 18:47:44,2,filled,2.0,25,8,goblet,1
Asghar,18,2026-09-29 18:47:44,2,filled,2.0,25,9,river,0
Asghar,18,2026-09-29 18:47:44,2,filled,2.0,25,10,napkin,0
Asghar,18,2026-09-29 18:47:44,2,filled,2.0,25,11,sleigh,0
Asghar,18,2026-09-29 18:47:44,2,filled,2.0,25,12,sausage,0
Asghar,18,2026-09-29 18:47:44,2,filled,2.0,25,13,cabin,1
Asghar,18,2026-09-29 18:47:44,3,standard,2.0,0,1,candle,1
Asghar,18,2026-09-29 18:47:44,3,standard,2.0,0,2,ladder,1
Asghar,18,2026-09-29 18:47:44,3,standard,2.0,0,3,shell,0
Asghar,18,2026-09-29 18:47:44,3,standard,2.0,0,4,harvest,0
Asghar,18,2026-09-29 18:47:44,3,standard,2.0,0,5,glacier,1
Asghar,18,2026-09-29 18:47:44,3,standard,2.0,0,6,brick,1
Asghar,18,2026-09-29 18:47:44,3,standard,2.0,0,7,sausage,1
Asghar,18,2026-09-29 18:47:44,3,standard,2.0,0,8,lemon,0
Asghar,18,2026-09-29 18:47:44,3,standard,2.0,0,9,curtain,1
Asghar,18,2026-09-29 18:47:44,3,standard,2.0,0,10,pocket,1
Asghar,18,2026-09-29 18:47:44,3,standard,2.0,0,11,fabric,1
Asghar,18,2026-09-29 18:47:44,3,standard,2.0,0,12,glove,1
Asghar,18,2026-09-29 18:47:44,3,standard,2.0,0,13,spoon,1
Asghar,18,2026-09-29 18:47:44,4,fast,0.5,0,1,sword,1
Asghar,18,2026-09-29 18:47:44,4,fast,0.5,0,2,plant,0
Asghar,18,2026-09-29 18:47:44,4,fast,0.5,0,3,buckle,1
Asghar,18,2026-09-29 18:47:44,4,fast,0.5,0,4,rocket,0
Asghar,18,2026-09-29 18:47:44,4,fast,0.5,0,5,garden,0
Asghar,18,2026-09-29 18:47:44,4,fast,0.5,0,6,magnet,1
Asghar,18,2026-09-29 18:47:44,4,fast,0.5,0,7,castle,0
Asghar,18,2026-09-29 18:47:44,4,fast,0.5,0,8,balloon,0
Asghar,18,2026-09-29 18:47:44,4,fast,0.5,0,9,sausage,0
Asghar,18,2026-09-29 18:47:44,4,fast,0.5,0,10,goblet,0
Asghar,18,2026-09-29 18:47:44,4,fast,0.5,0,11,nozzle,1
Asghar,18,2026-09-29 18:47:44,4,fast,0.5,0,12,cello,1
Asghar,18,2026-09-29 18:47:44,4,fast,0.5,0,13,napkin,1
Asghar,19,2026-09-29 19:22:18,1,filled,2.0,25,1,trophy,1
Asghar,19,2026-09-29 19:22:18,1,filled,2.0,25,2,sleigh,1
Asghar,19,2026-09-29 19:22:18,1,filled,2.0,25,3,wheel,1
Asghar,19,2026-09-29 19:22:18,1,filled,2.0,25,4,forest,1
Asghar,19,2026-09-29 19:22:18,1,filled,2.0,25,5,pencil,1
Asghar,19,2026-09-29 19:22:18,1,filled,2.0,25,6,zipper,0
Asghar,19,2026-09-29 19:22:18,1,filled,2.0,25,7,spoon,1
Asghar,19,2026-09-29 19:22:18,1,filled,2.0,25,8,fabric,0
Asghar,19,2026-09-29 19:22:18,1,filled,2.0,25,9,button,1
Asghar,19,2026-09-29 19:22:18,1,filled,2.0,25,10,eagle,0
Asghar,19,2026-09-29 19:22:18,1,filled,2.0,25,11,goblet,0
Asghar,19,2026-09-29 19:22:18,1,filled,2.0,25,12,apron,1
Asghar,19,2026-09-29 19:22:18,1,filled,2.0,25,13,chair,0
Asghar,19,2026-09-29 19:22:18,2,fast,0.5,0,1,spoon,1
Asghar,19,2026-09-29 19:22:18,2,fast,0.5,0,2,crayon,0
Asghar,19,2026-09-29 19:22:18,2,fast,0.5,0,3,puzzle,0
Asghar,19,2026-09-29 19:22:18,2,fast,0.5,0,4,magnet,1
Asghar,19,2026-09-29 19:22:18,2,fast,0.5,0,5,feather,0
Asghar,19,2026-09-29 19:22:18,2,fast,0.5,0,6,nozzle,0
Asghar,19,2026-09-29 19:22:18,2,fast,0.5,0,7,glove,1
Asghar,19,2026-09-29 19:22:18,2,fast,0.5,0,8,curtain,0
Asghar,19,2026-09-29 19:22:18,2,fast,0.5,0,9,blouse,0
Asghar,19,2026-09-29 19:22:18,2,fast,0.5,0,10,napkin,1
Asghar,19,2026-09-29 19:22:18,2,fast,0.5,0,11,button,1
Asghar,19,2026-09-29 19:22:18,2,fast,0.5,0,12,oyster,1
Asghar,19,2026-09-29 19:22:18,2,fast,0.5,0,13,ribbon,0
Asghar,19,2026-09-29 19:22:18,3,standard,2.0,0,1,trophy,0
Asghar,19,2026-09-29 19:22:18,3,standard,2.0,0,2,meadow,0
Asghar,19,2026-09-29 19:22:18,3,standard,2.0,0,3,moss,1
Asghar,19,2026-09-29 19:22:18,3,standard,2.0,0,4,blouse,1
Asghar,19,2026-09-29 19:22:18,3,standard,2.0,0,5,island,1
Asghar,19,2026-09-29 19:22:18,3,standard,2.0,0,6,mitten,0
Asghar,19,2026-09-29 19:22:18,3,standard,2.0,0,7,rocket,1
Asghar,19,2026-09-29 19:22:18,3,standard,2.0,0,8,chariot,0
Asghar,19,2026-09-29 19:22:18,3,standard,2.0,0,9,brick,0
Asghar,19,2026-09-29 19:22:18,3,standard,2.0,0,10,saddle,1
Asghar,19,2026-09-29 19:22:18,3,standard,2.0,0,11,goblet,0
Asghar,19,2026-09-29 19:22:18,3,standard,2.0,0,12,pickle,1
Asghar,19,2026-09-29 19:22:18,3,standard,2.0,0,13,machine,1
Asghar,19,2026-09-29 19:22:18,4,pause,2.0,25,1,moss,0
Asghar,19,2026-09-29 19:22:18,4,pause,2.0,25,2,castle,1
Asghar,19,2026-09-29 19:22:18,4,pause,2.0,25,3,insect,1
Asghar,19,2026-09-29 19:22:18,4,pause,2.0,25,4,violin,0
Asghar,19,2026-09-29 19:22:18,4,pause,2.0,25,5,apron,0
Asghar,19,2026-09-29 19:22:18,4,pause,2.0,25,6,pencil,1
Asghar,19,2026-09-29 19:22:18,4,pause,2.0,25,7,lemon,1
Asghar,19,2026-09-29 19:22:18,4,pause,2.0,25,8,parrot,0
Asghar,19,2026-09-29 19:22:18,4,pause,2.0,25,9,rope,0
Asghar,19,2026-09-29 19:22:18,4,pause,2.0,25,10,oyster,0
Asghar,19,2026-09-29 19:22:18,4,pause,2.0,25,11,pickle,0
Asghar,19,2026-09-29 19:22:18,4,pause,2.0,25,12,gate,0
Asghar,19,2026-09-29 19:22:18,4,pause,2.0,25,13,chain,0
Asghar,20,2026-09-30 18:50:53,1,fast,0.5,0,1,glass,1
Asghar,20,2026-09-30 18:50:53,1,fast,0.5,0,2,crown,0
Asghar,20,2026-09-30 18:50:53,1,fast,0.5,0,3,glove,0
Asghar,20,2026-09-30 18:50:53,1,fast,0.5,0,4,harvest,1
Asghar,20,2026-09-30 18:50:53,1,fast,0.5,0,5,anchor,0
Asghar,20,2026-09-30 18:50:53,1,fast,0.5,0,6,ticket,1
Asghar,20,2026-09-30 18:50:53,1,fast,0.5,0,7,dagger,1
Asghar,20,2026-09-30 18:50:53,1,fast,0.5,0,8,fabric,0
Asghar,20,2026-09-30 18:50:53,1,fast,0.5,0,9,biscuit,0
Asghar,20,2026-09-30 18:50:53,1,fast,0.5,0,10,pancake,0
Asghar,20,2026-09-30 18:50:53,1,fast,0.5,0,11,hammer,1
Asghar,20,2026-09-30 18:50:53,1,fast,0.5,0,12,mitten,1
Asghar,20,2026-09-30 18:50:53,1,fast,0.5,0,13,spine,1
Asghar,20,2026-09-30 18:50:53,2,pause,2.0,25,1,oyster,1
Asghar,20,2026-09-30 18:50:53,2,pause,2.0,25,2,engine,1
Asghar,20,2026-09-30 18:50:53,2,pause,2.0,25,3,apron,0
Asghar,20,2026-09-30 18:50:53,2,pause,2.0,25,4,chariot,1
Asghar,20,2026-09-30 18:50:53,2,pause,2.0,25,5,garden,1
Asghar,20,2026-09-30 18:50:53,2,pause,2.0,25,6,curtain,0
Asghar,20,2026-09-30 18:50:53,2,pause,2.0,25,7,blanket,0
Asghar,20,2026-09-30 18:50:53,2,pause,2.0,25,8,frame,0
Asghar,20,2026-09-30 18:50:53,2,pause,2.0,25,9,marble,0
Asghar,20,2026-09-30 18:50:53,2,pause,2.0,25,10,glass,0
Asghar,20,2026-09-30 18:50:53,2,pause,2.0,25,11,stone,0
Asghar,20,2026-09-30 18:50:53,2,pause,2.0,25,12,spine,1
Asghar,20,2026-09-30 18:50:53,2,pause,2.0,25,13,compass,1
Asghar,20,2026-09-30 18:50:53,3,filled,2.0,25,1,trophy,0
Asghar,20,2026-09-30 18:50:53,3,filled,2.0,25,2,curtain,1
Asghar,20,2026-09-30 18:50:53,3,filled,2.0,25,3,glider,1
Asghar,20,2026-09-30 18:50:53,3,filled,2.0,25,4,violin,0
Asghar,20,2026-09-30 18:50:53,3,filled,2.0,25,5,compass,0
Asghar,20,2026-09-30 18:50:53,3,filled,2.0,25,6,hamster,1
Asghar,20,2026-09-30 18:50:53,3,filled,2.0,25,7,flame,1
Asghar,20,2026-09-30 18:50:53,3,filled,2.0,25,8,needle,1
Asghar,20,2026-09-30 18:50:53,3,filled,2.0,25,9,parrot,0
Asghar,20,2026-09-30 18:50:53,3,filled,2.0,25,10,stone,1
Asghar,20,2026-09-30 18:50:53,3,filled,2.0,25,11,blanket,0
Asghar,20,2026-09-30 18:50:53,3,filled,2.0,25,12,knuckle,1
Asghar,20,2026-09-30 18:50:53,3,filled,2.0,25,13,whistle,1
Asghar,20,2026-09-30 18:50:53,4,standard,2.0,0,1,chariot,1
Asghar,20,2026-09-30 18:50:53,4,standard,2.0,0,2,pancake,1
Asghar,20,2026-09-30 18:50:53,4,standard,2.0,0,3,cabin,1
Asghar,20,2026-09-30 18:50:53,4,standard,2.0,0,4,finger,0
Asghar,20,2026-09-30 18:50:53,4,standard,2.0,0,5,mitten,0
Asghar,20,2026-09-30 18:50:53,4,standard,2.0,0,6,meadow,0
Asghar,20,2026-09-30 18:50:53,4,standard,2.0,0,7,moss,1
Asghar,20,2026-09-30 18:50:53,4,standard,2.0,0,8,whistle,0
Asghar,20,2026-09-30 18:50:53,4,standard,2.0,0,9,nozzle,0
Asghar,20,2026-09-30 18:50:53,4,standard,2.0,0,10,ivory,1
Asghar,20,2026-09-30 18:50:53,4,standard,2.0,0,11,thunder,0
Asghar,20,2026-09-30 18:50:53,4,standard,2.0,0,12,walnut,0
Asghar,20,2026-09-30 18:50:53,4,standard,2.0,0,13,fabric,1
Marcus,1,2026-09-22 14:27:34,1,pause,2.0,25,1,panther,1
Marcus,1,2026-09-22 14:27:34,1,pause,2.0,25,2,pillow,0
Marcus,1,2026-09-22 14:27:34,1,pause,2.0,25,3,marble,1
Marcus,1,2026-09-22 14:27:34,1,pause,2.0,25,4,cellar,0
Marcus,1,2026-09-22 14:27:34,1,pause,2.0,25,5,insect,1
Marcus,1,2026-09-22 14:27:34,1,pause,2.0,25,6,zebra,0
Marcus,1,2026-09-22 14:27:34,1,pause,2.0,25,7,crown,0
Marcus,1,2026-09-22 14:27:34,1,pause,2.0,25,8,jacket,0
Marcus,1,2026-09-22 14:27:34,1,pause,2.0,25,9,orange,0
Marcus,1,2026-09-22 14:27:34,1,pause,2.0,25,10,brick,1
Marcus,1,2026-09-22 14:27:34,1,pause,2.0,25,11,bagpipe,0
Marcus,1,2026-09-22 14:27:34,1,pause,2.0,25,12,meadow,0
Marcus,1,2026-09-22 14:27:34,1,pause,2.0,25,13,helmet,0
Marcus,1,2026-09-22 14:27:34,2,standard,2.0,0,1,parrot,1
Marcus,1,2026-09-22 14:27:34,2,standard,2.0,0,2,melon,0
Marcus,1,2026-09-22 14:27:34,2,standard,2.0,0,3,eagle,0
Marcus,1,2026-09-22 14:27:34,2,standard,2.0,0,4,kite,0
Marcus,1,2026-09-22 14:27:34,2,standard,2.0,0,5,frame,0
Marcus,1,2026-09-22 14:27:34,2,standard,2.0,0,6,pretzel,0
Marcus,1,2026-09-22 14:27:34,2,standard,2.0,0,7,pumpkin,0
Marcus,1,2026-09-22 14:27:34,2,standard,2.0,0,8,glove,0
Marcus,1,2026-09-22 14:27:34,2,standard,2.0,0,9,pillow,1
Marcus,1,2026-09-22 14:27:34,2,standard,2.0,0,10,biscuit,1
Marcus,1,2026-09-22 14:27:34,2,standard,2.0,0,11,camera,1
Marcus,1,2026-09-22 14:27:34,2,standard,2.0,0,12,pillar,1
Marcus,1,2026-09-22 14:27:34,2,standard,2.0,0,13,saddle,0
Marcus,1,2026-09-22 14:27:34,3,standard,2.0,0,1,glacier,1
Marcus,1,2026-09-22 14:27:34,3,standard,2.0,0,2,frame,1
Marcus,1,2026-09-22 14:27:34,3,standard,2.0,0,3,cabbage,1
Marcus,1,2026-09-22 14:27:34,3,standard,2.0,0,4,island,0
Marcus,1,2026-09-22 14:27:34,3,standard,2.0,0,5,towel,0
Marcus,1,2026-09-22 14:27:34,3,standard,2.0,0,6,sandal,0
Marcus,1,2026-09-22 14:27:34,3,standard,2.0,0,7,engine,0
Marcus,1,2026-09-22 14:27:34,3,standard,2.0,0,8,machine,1
Marcus,1,2026-09-22 14:27:34,3,standard,2.0,0,9,gate,0
Marcus,1,2026-09-22 14:27:34,3,standard,2.0,0,10,pancake,0
Marcus,1,2026-09-22 14:27:34,3,standard,2.0,0,11,scooter,0
Marcus,1,2026-09-22 14:27:34,3,standard,2.0,0,12,harvest,0
Marcus,1,2026-09-22 14:27:34,3,standard,2.0,0,13,whisk,0
Marcus,1,2026-09-22 14:27:34,4,pause,2.0,25,1,guitar,1
Marcus,1,2026-09-22 14:27:34,4,pause,2.0,25,2,flute,1
Marcus,1,2026-09-22 14:27:34,4,pause,2.0,25,3,hammer,0
Marcus,1,2026-09-22 14:27:34,4,pause,2.0,25,4,pepper,1
Marcus,1,2026-09-22 14:27:34,4,pause,2.0,25,5,petal,0
Marcus,1,2026-09-22 14:27:34,4,pause,2.0,25,6,drum,0
Marcus,1,2026-09-22 14:27:34,4,pause,2.0,25,7,blossom,0
Marcus,1,2026-09-22 14:27:34,4,pause,2.0,25,8,bread,0
Marcus,1,2026-09-22 14:27:34,4,pause,2.0,25,9,beetle,0
Marcus,1,2026-09-22 14:27:34,4,pause,2.0,25,10,pebble,1
Marcus,1,2026-09-22 14:27:34,4,pause,2.0,25,11,sleeve,0
Marcus,1,2026-09-22 14:27:34,4,pause,2.0,25,12,cabin,0
Marcus,1,2026-09-22 14:27:34,4,pause,2.0,25,13,table,0
Marcus,1,2026-09-22 14:27:34,5,filled,2.0,25,1,kernel,1
Marcus,1,2026-09-22 14:27:34,5,filled,2.0,25,2,fern,1
Marcus,1,2026-09-22 14:27:34,5,filled,2.0,25,3,rocket,0
Marcus,1,2026-09-22 14:27:34,5,filled,2.0,25,4,cottage,0
Marcus,1,2026-09-22 14:27:34,5,filled,2.0,25,5,hook,0
Marcus,1,2026-09-22 14:27:34,5,filled,2.0,25,6,ladder,0
Marcus,1,2026-09-22 14:27:34,5,filled,2.0,25,7,shell,0
Marcus,1,2026-09-22 14:27:34,5,filled,2.0,25,8,oyster,1
Marcus,1,2026-09-22 14:27:34,5,filled,2.0,25,9,bottle,0
Marcus,1,2026-09-22 14:27:34,5,filled,2.0,25,10,blouse,0
Marcus,1,2026-09-22 14:27:34,5,filled,2.0,25,11,tractor,0
Marcus,1,2026-09-22 14:27:34,5,filled,2.0,25,12,wheel,0
Marcus,1,2026-09-22 14:27:34,5,filled,2.0,25,13,spider,0
Marcus,1,2026-09-22 14:27:34,6,pause,2.0,25,1,ladle,1
Marcus,1,2026-09-22 14:27:34,6,pause,2.0,25,2,buckle,1
Marcus,1,2026-09-22 14:27:34,6,pause,2.0,25,3,tunnel,1
Marcus,1,2026-09-22 14:27:34,6,pause,2.0,25,4,horse,0
Marcus,1,2026-09-22 14:27:34,6,pause,2.0,25,5,lobster,0
Marcus,1,2026-09-22 14:27:34,6,pause,2.0,25,6,envelope,0
Marcus,1,2026-09-22 14:27:34,6,pause,2.0,25,7,sweater,0
Marcus,1,2026-09-22 14:27:34,6,pause,2.0,25,8,dolphin,0
Marcus,1,2026-09-22 14:27:34,6,pause,2.0,25,9,sandal,0
Marcus,1,2026-09-22 14:27:34,6,pause,2.0,25,10,book,0
Marcus,1,2026-09-22 14:27:34,6,pause,2.0,25,11,lizard,0
Marcus,1,2026-09-22 14:27:34,6,pause,2.0,25,12,ladder,0
Marcus,1,2026-09-22 14:27:34,6,pause,2.0,25,13,farmer,0
Marcus,1,2026-09-22 14:27:34,7,standard,2.0,0,1,crown,1
Marcus,1,2026-09-22 14:27:34,7,standard,2.0,0,2,mask,1
Marcus,1,2026-09-22 14:27:34,7,standard,2.0,0,3,torch,1
Marcus,1,2026-09-22 14:27:34,7,standard,2.0,0,4,sandal,1
Marcus,1,2026-09-22 14:27:34,7,standard,2.0,0,5,chariot,0
Marcus,1,2026-09-22 14:27:34,7,standard,2.0,0,6,valley,0
Marcus,1,2026-09-22 14:27:34,7,standard,2.0,0,7,horse,0
Marcus,1,2026-09-22 14:27:34,7,standard,2.0,0,8,ankle,0
Marcus,1,2026-09-22 14:27:34,7,standard,2.0,0,9,dolphin,0
Marcus,1,2026-09-22 14:27:34,7,standard,2.0,0,10,sleeve,0
Marcus,1,2026-09-22 14:27:34,7,standard,2.0,0,11,pigeon,0
Marcus,1,2026-09-22 14:27:34,7,standard,2.0,0,12,needle,0
Marcus,1,2026-09-22 14:27:34,7,standard,2.0,0,13,muffin,0
Marcus,1,2026-09-22 14:27:34,8,fast,0.5,0,1,gravel,1
Marcus,1,2026-09-22 14:27:34,8,fast,0.5,0,2,branch,1
Marcus,1,2026-09-22 14:27:34,8,fast,0.5,0,3,canoe,0
Marcus,1,2026-09-22 14:27:34,8,fast,0.5,0,4,thumb,0
Marcus,1,2026-09-22 14:27:34,8,fast,0.5,0,5,sausage,0
Marcus,1,2026-09-22 14:27:34,8,fast,0.5,0,6,needle,0
Marcus,1,2026-09-22 14:27:34,8,fast,0.5,0,7,blanket,0
Marcus,1,2026-09-22 14:27:34,8,fast,0.5,0,8,cellar,0
Marcus,1,2026-09-22 14:27:34,8,fast,0.5,0,9,puddle,0
Marcus,1,2026-09-22 14:27:34,8,fast,0.5,0,10,tuba,0
Marcus,1,2026-09-22 14:27:34,8,fast,0.5,0,11,cabbage,0
Marcus,1,2026-09-22 14:27:34,8,fast,0.5,0,12,zipper,0
Marcus,1,2026-09-22 14:27:34,8,fast,0.5,0,13,breeze,0
Marcus,1,2026-09-22 14:27:34,9,fast,0.5,0,1,bucket,1
Marcus,1,2026-09-22 14:27:34,9,fast,0.5,0,2,balloon,1
Marcus,1,2026-09-22 14:27:34,9,fast,0.5,0,3,donkey,0
Marcus,1,2026-09-22 14:27:34,9,fast,0.5,0,4,blouse,0
Marcus,1,2026-09-22 14:27:34,9,fast,0.5,0,5,ribbon,0
Marcus,1,2026-09-22 14:27:34,9,fast,0.5,0,6,ticket,0
Marcus,1,2026-09-22 14:27:34,9,fast,0.5,0,7,engine,0
Marcus,1,2026-09-22 14:27:34,9,fast,0.5,0,8,elbow,0
Marcus,1,2026-09-22 14:27:34,9,fast,0.5,0,9,rocket,0
Marcus,1,2026-09-22 14:27:34,9,fast,0.5,0,10,balcony,0
Marcus,1,2026-09-22 14:27:34,9,fast,0.5,0,11,lizard,0
Marcus,1,2026-09-22 14:27:34,9,fast,0.5,0,12,cottage,0
Marcus,1,2026-09-22 14:27:34,9,fast,0.5,0,13,swamp,0
Marcus,1,2026-09-22 14:27:34,10,fast,0.5,0,1,forest,0
Marcus,1,2026-09-22 14:27:34,10,fast,0.5,0,2,saddle,0
Marcus,1,2026-09-22 14:27:34,10,fast,0.5,0,3,castle,0
Marcus,1,2026-09-22 14:27:34,10,fast,0.5,0,4,garden,0
Marcus,1,2026-09-22 14:27:34,10,fast,0.5,0,5,branch,0
Marcus,1,2026-09-22 14:27:34,10,fast,0.5,0,6,chain,0
Marcus,1,2026-09-22 14:27:34,10,fast,0.5,0,7,bonnet,0
Marcus,1,2026-09-22 14:27:34,10,fast,0.5,0,8,tunnel,0
Marcus,1,2026-09-22 14:27:34,10,fast,0.5,0,9,shell,0
Marcus,1,2026-09-22 14:27:34,10,fast,0.5,0,10,mango,0
Marcus,1,2026-09-22 14:27:34,10,fast,0.5,0,11,flame,1
Marcus,1,2026-09-22 14:27:34,10,fast,0.5,0,12,ghost,1
Marcus,1,2026-09-22 14:27:34,10,fast,0.5,0,13,attic,1
Marcus,1,2026-09-22 14:27:34,11,filled,2.0,25,1,walnut,1
Marcus,1,2026-09-22 14:27:34,11,filled,2.0,25,2,chisel,0
Marcus,1,2026-09-22 14:27:34,11,filled,2.0,25,3,leopard,0
Marcus,1,2026-09-22 14:27:34,11,filled,2.0,25,4,bagpipe,0
Marcus,1,2026-09-22 14:27:34,11,filled,2.0,25,5,canyon,0
Marcus,1,2026-09-22 14:27:34,11,filled,2.0,25,6,rabbit,0
Marcus,1,2026-09-22 14:27:34,11,filled,2.0,25,7,lemon,0
Marcus,1,2026-09-22 14:27:34,11,filled,2.0,25,8,breeze,0
Marcus,1,2026-09-22 14:27:34,11,filled,2.0,25,9,whistle,0
Marcus,1,2026-09-22 14:27:34,11,filled,2.0,25,10,blouse,0
Marcus,1,2026-09-22 14:27:34,11,filled,2.0,25,11,pickle,0
Marcus,1,2026-09-22 14:27:34,11,filled,2.0,25,12,blade,0
Marcus,1,2026-09-22 14:27:34,11,filled,2.0,25,13,chain,1
Marcus,1,2026-09-22 14:27:34,12,fast,0.5,0,1,lobster,1
Marcus,1,2026-09-22 14:27:34,12,fast,0.5,0,2,zipper,0
Marcus,1,2026-09-22 14:27:34,12,fast,0.5,0,3,feather,0
Marcus,1,2026-09-22 14:27:34,12,fast,0.5,0,4,apron,0
Marcus,1,2026-09-22 14:27:34,12,fast,0.5,0,5,banjo,1
Marcus,1,2026-09-22 14:27:34,12,fast,0.5,0,6,knife,0
Marcus,1,2026-09-22 14:27:34,12,fast,0.5,0,7,eagle,0
Marcus,1,2026-09-22 14:27:34,12,fast,0.5,0,8,thumb,0
Marcus,1,2026-09-22 14:27:34,12,fast,0.5,0,9,castle,0
Marcus,1,2026-09-22 14:27:34,12,fast,0.5,0,10,zebra,1
Marcus,1,2026-09-22 14:27:34,12,fast,0.5,0,11,stone,0
Marcus,1,2026-09-22 14:27:34,12,fast,0.5,0,12,beaver,0
Marcus,1,2026-09-22 14:27:34,12,fast,0.5,0,13,teapot,0
Marcus,1,2026-09-22 14:27:34,13,standard,2.0,0,1,glass,0
Marcus,1,2026-09-22 14:27:34,13,standard,2.0,0,2,hammer,0
Marcus,1,2026-09-22 14:27:34,13,standard,2.0,0,3,corkscrew,0
Marcus,1,2026-09-22 14:27:34,13,standard,2.0,0,4,kite,0
Marcus,1,2026-09-22 14:27:34,13,standard,2.0,0,5,carrot,0
Marcus,1,2026-09-22 14:27:34,13,standard,2.0,0,6,shell,0
Marcus,1,2026-09-22 14:27:34,13,standard,2.0,0,7,blossom,0
Marcus,1,2026-09-22 14:27:34,13,standard,2.0,0,8,pancake,1
Marcus,1,2026-09-22 14:27:34,13,standard,2.0,0,9,cello,0
Marcus,1,2026-09-22 14:27:34,13,standard,2.0,0,10,potato,1
Marcus,1,2026-09-22 14:27:34,13,standard,2.0,0,11,canyon,0
Marcus,1,2026-09-22 14:27:34,13,standard,2.0,0,12,elbow,0
Marcus,1,2026-09-22 14:27:34,13,standard,2.0,0,13,jaw,1
Marcus,2,2026-09-24 06:34:33,1,filled,2.0,25,1,tower,0
Marcus,2,2026-09-24 06:34:33,1,filled,2.0,25,2,sponge,0
Marcus,2,2026-09-24 06:34:33,1,filled,2.0,25,3,apricot,1
Marcus,2,2026-09-24 06:34:33,1,filled,2.0,25,4,trumpet,1
Marcus,2,2026-09-24 06:34:33,1,filled,2.0,25,5,carriage,1
Marcus,2,2026-09-24 06:34:33,1,filled,2.0,25,6,domino,0
Marcus,2,2026-09-24 06:34:33,1,filled,2.0,25,7,weasel,0
Marcus,2,2026-09-24 06:34:33,1,filled,2.0,25,8,heel,1
Marcus,2,2026-09-24 06:34:33,1,filled,2.0,25,9,ticket,0
Marcus,2,2026-09-24 06:34:33,1,filled,2.0,25,10,carrot,0
Marcus,2,2026-09-24 06:34:33,1,filled,2.0,25,11,buffalo,0
Marcus,2,2026-09-24 06:34:33,1,filled,2.0,25,12,napkin,0
Marcus,2,2026-09-24 06:34:33,1,filled,2.0,25,13,candle,0
Marcus,2,2026-09-24 06:34:33,2,pause,2.0,25,1,insect,1
Marcus,2,2026-09-24 06:34:33,2,pause,2.0,25,2,celery,1
Marcus,2,2026-09-24 06:34:33,2,pause,2.0,25,3,book,0
Marcus,2,2026-09-24 06:34:33,2,pause,2.0,25,4,petal,0
Marcus,2,2026-09-24 06:34:33,2,pause,2.0,25,5,hamster,0
Marcus,2,2026-09-24 06:34:33,2,pause,2.0,25,6,mask,0
Marcus,2,2026-09-24 06:34:33,2,pause,2.0,25,7,moose,0
Marcus,2,2026-09-24 06:34:33,2,pause,2.0,25,8,banjo,0
Marcus,2,2026-09-24 06:34:33,2,pause,2.0,25,9,planet,0
Marcus,2,2026-09-24 06:34:33,2,pause,2.0,25,10,pumpkin,1
Marcus,2,2026-09-24 06:34:33,2,pause,2.0,25,11,farmer,1
Marcus,2,2026-09-24 06:34:33,2,pause,2.0,25,12,rabbit,0
Marcus,2,2026-09-24 06:34:33,2,pause,2.0,25,13,whisk,1
Marcus,2,2026-09-24 06:34:33,3,standard,2.0,0,1,curtain,1
Marcus,2,2026-09-24 06:34:33,3,standard,2.0,0,2,drawer,1
Marcus,2,2026-09-24 06:34:33,3,standard,2.0,0,3,bottle,0
Marcus,2,2026-09-24 06:34:33,3,standard,2.0,0,4,prairie,0
Marcus,2,2026-09-24 06:34:33,3,standard,2.0,0,5,fence,0
Marcus,2,2026-09-24 06:34:33,3,standard,2.0,0,6,beaver,0
Marcus,2,2026-09-24 06:34:33,3,standard,2.0,0,7,raisin,0
Marcus,2,2026-09-24 06:34:33,3,standard,2.0,0,8,carriage,0
Marcus,2,2026-09-24 06:34:33,3,standard,2.0,0,9,thimble,0
Marcus,2,2026-09-24 06:34:33,3,standard,2.0,0,10,gate,0
Marcus,2,2026-09-24 06:34:33,3,standard,2.0,0,11,envelope,0
Marcus,2,2026-09-24 06:34:33,3,standard,2.0,0,12,pepper,1
Marcus,2,2026-09-24 06:34:33,3,standard,2.0,0,13,cherry,1
Marcus,2,2026-09-24 06:34:33,4,fast,0.5,0,1,cage,0
Marcus,2,2026-09-24 06:34:33,4,fast,0.5,0,2,bonnet,0
Marcus,2,2026-09-24 06:34:33,4,fast,0.5,0,3,canyon,0
Marcus,2,2026-09-24 06:34:33,4,fast,0.5,0,4,balloon,0
Marcus,2,2026-09-24 06:34:33,4,fast,0.5,0,5,sandal,0
Marcus,2,2026-09-24 06:34:33,4,fast,0.5,0,6,chain,0
Marcus,2,2026-09-24 06:34:33,4,fast,0.5,0,7,anchor,0
Marcus,2,2026-09-24 06:34:33,4,fast,0.5,0,8,sword,1
Marcus,2,2026-09-24 06:34:33,4,fast,0.5,0,9,raisin,1
Marcus,2,2026-09-24 06:34:33,4,fast,0.5,0,10,garden,0
Marcus,2,2026-09-24 06:34:33,4,fast,0.5,0,11,chisel,1
Marcus,2,2026-09-24 06:34:33,4,fast,0.5,0,12,sponge,0
Marcus,2,2026-09-24 06:34:33,4,fast,0.5,0,13,tambourine,1
Marcus,3,2026-09-24 06:38:25,1,filled,2.0,25,1,kayak,1
Marcus,3,2026-09-24 06:38:25,1,filled,2.0,25,2,penguin,0
Marcus,3,2026-09-24 06:38:25,1,filled,2.0,25,3,blade,0
Marcus,3,2026-09-24 06:38:25,1,filled,2.0,25,4,pillow,0
Marcus,3,2026-09-24 06:38:25,1,filled,2.0,25,5,banjo,1
Marcus,3,2026-09-24 06:38:25,1,filled,2.0,25,6,jacket,0
Marcus,3,2026-09-24 06:38:25,1,filled,2.0,25,7,pickle,0
Marcus,3,2026-09-24 06:38:25,1,filled,2.0,25,8,dagger,0
Marcus,3,2026-09-24 06:38:25,1,filled,2.0,25,9,bridge,0
Marcus,3,2026-09-24 06:38:25,1,filled,2.0,25,10,napkin,0
Marcus,3,2026-09-24 06:38:25,1,filled,2.0,25,11,chimney,1
Marcus,3,2026-09-24 06:38:25,1,filled,2.0,25,12,finger,0
Marcus,3,2026-09-24 06:38:25,1,filled,2.0,25,13,wagon,1
Marcus,3,2026-09-24 06:38:25,2,standard,2.0,0,1,chimney,1
Marcus,3,2026-09-24 06:38:25,2,standard,2.0,0,2,trolley,0
Marcus,3,2026-09-24 06:38:25,2,standard,2.0,0,3,rabbit,0
Marcus,3,2026-09-24 06:38:25,2,standard,2.0,0,4,sleigh,1
Marcus,3,2026-09-24 06:38:25,2,standard,2.0,0,5,chisel,0
Marcus,3,2026-09-24 06:38:25,2,standard,2.0,0,6,cabin,0
Marcus,3,2026-09-24 06:38:25,2,standard,2.0,0,7,umbrella,0
Marcus,3,2026-09-24 06:38:25,2,standard,2.0,0,8,jaw,1
Marcus,3,2026-09-24 06:38:25,2,standard,2.0,0,9,blouse,0
Marcus,3,2026-09-24 06:38:25,2,standard,2.0,0,10,saddle,1
Marcus,3,2026-09-24 06:38:25,2,standard,2.0,0,11,hook,1
Marcus,3,2026-09-24 06:38:25,2,standard,2.0,0,12,ghost,0
Marcus,3,2026-09-24 06:38:25,2,standard,2.0,0,13,pancake,0
Marcus,3,2026-09-24 06:38:25,3,fast,0.5,0,1,canyon,0
Marcus,3,2026-09-24 06:38:25,3,fast,0.5,0,2,whisk,0
Marcus,3,2026-09-24 06:38:25,3,fast,0.5,0,3,farmer,0
Marcus,3,2026-09-24 06:38:25,3,fast,0.5,0,4,weasel,0
Marcus,3,2026-09-24 06:38:25,3,fast,0.5,0,5,nozzle,0
Marcus,3,2026-09-24 06:38:25,3,fast,0.5,0,6,mango,0
Marcus,3,2026-09-24 06:38:25,3,fast,0.5,0,7,camel,0
Marcus,3,2026-09-24 06:38:25,3,fast,0.5,0,8,fiddle,0
Marcus,3,2026-09-24 06:38:25,3,fast,0.5,0,9,compass,0
Marcus,3,2026-09-24 06:38:25,3,fast,0.5,0,10,otter,1
Marcus,3,2026-09-24 06:38:25,3,fast,0.5,0,11,cello,0
Marcus,3,2026-09-24 06:38:25,3,fast,0.5,0,12,salmon,1
Marcus,3,2026-09-24 06:38:25,3,fast,0.5,0,13,puzzle,1
Marcus,3,2026-09-24 06:38:25,4,pause,2.0,25,1,rope,0
Marcus,3,2026-09-24 06:38:25,4,pause,2.0,25,2,rabbit,0
Marcus,3,2026-09-24 06:38:25,4,pause,2.0,25,3,gate,0
Marcus,3,2026-09-24 06:38:25,4,pause,2.0,25,4,camera,0
Marcus,3,2026-09-24 06:38:25,4,pause,2.0,25,5,sword,1
Marcus,3,2026-09-24 06:38:25,4,pause,2.0,25,6,ticket,0
Marcus,3,2026-09-24 06:38:25,4,pause,2.0,25,7,river,0
Marcus,3,2026-09-24 06:38:25,4,pause,2.0,25,8,apple,0
Marcus,3,2026-09-24 06:38:25,4,pause,2.0,25,9,scooter,1
Marcus,3,2026-09-24 06:38:25,4,pause,2.0,25,10,snail,1
Marcus,3,2026-09-24 06:38:25,4,pause,2.0,25,11,gravel,0
Marcus,3,2026-09-24 06:38:25,4,pause,2.0,25,12,canyon,0
Marcus,3,2026-09-24 06:38:25,4,pause,2.0,25,13,jacket,1
Marcus,4,2026-09-24 06:42:22,1,pause,2.0,25,1,cellar,0
Marcus,4,2026-09-24 06:42:22,1,pause,2.0,25,2,harmonica,1
Marcus,4,2026-09-24 06:42:22,1,pause,2.0,25,3,glacier,0
Marcus,4,2026-09-24 06:42:22,1,pause,2.0,25,4,engine,0
Marcus,4,2026-09-24 06:42:22,1,pause,2.0,25,5,domino,0
Marcus,4,2026-09-24 06:42:22,1,pause,2.0,25,6,harvest,0
Marcus,4,2026-09-24 06:42:22,1,pause,2.0,25,7,trolley,0
Marcus,4,2026-09-24 06:42:22,1,pause,2.0,25,8,guitar,0
Marcus,4,2026-09-24 06:42:22,1,pause,2.0,25,9,wrist,0
Marcus,4,2026-09-24 06:42:22,1,pause,2.0,25,10,mango,1
Marcus,4,2026-09-24 06:42:22,1,pause,2.0,25,11,camera,0
Marcus,4,2026-09-24 06:42:22,1,pause,2.0,25,12,apricot,1
Marcus,4,2026-09-24 06:42:22,1,pause,2.0,25,13,coin,1
Marcus,4,2026-09-24 06:42:22,2,fast,0.5,0,1,raisin,0
Marcus,4,2026-09-24 06:42:22,2,fast,0.5,0,2,cactus,0
Marcus,4,2026-09-24 06:42:22,2,fast,0.5,0,3,heel,0
Marcus,4,2026-09-24 06:42:22,2,fast,0.5,0,4,rocket,0
Marcus,4,2026-09-24 06:42:22,2,fast,0.5,0,5,walrus,0
Marcus,4,2026-09-24 06:42:22,2,fast,0.5,0,6,cricket,1
Marcus,4,2026-09-24 06:42:22,2,fast,0.5,0,7,torch,0
Marcus,4,2026-09-24 06:42:22,2,fast,0.5,0,8,cellar,0
Marcus,4,2026-09-24 06:42:22,2,fast,0.5,0,9,pliers,0
Marcus,4,2026-09-24 06:42:22,2,fast,0.5,0,10,mallet,0
Marcus,4,2026-09-24 06:42:22,2,fast,0.5,0,11,finger,0
Marcus,4,2026-09-24 06:42:22,2,fast,0.5,0,12,pumpkin,1
Marcus,4,2026-09-24 06:42:22,2,fast,0.5,0,13,sword,1
Marcus,4,2026-09-24 06:42:22,3,standard,2.0,0,1,zebra,1
Marcus,4,2026-09-24 06:42:22,3,standard,2.0,0,2,anchor,0
Marcus,4,2026-09-24 06:42:22,3,standard,2.0,0,3,harmonica,1
Marcus,4,2026-09-24 06:42:22,3,standard,2.0,0,4,radish,0
Marcus,4,2026-09-24 06:42:22,3,standard,2.0,0,5,pickle,0
Marcus,4,2026-09-24 06:42:22,3,standard,2.0,0,6,saddle,0
Marcus,4,2026-09-24 06:42:22,3,standard,2.0,0,7,valley,0
Marcus,4,2026-09-24 06:42:22,3,standard,2.0,0,8,candle,0
Marcus,4,2026-09-24 06:42:22,3,standard,2.0,0,9,beetle,0
Marcus,4,2026-09-24 06:42:22,3,standard,2.0,0,10,coconut,0
Marcus,4,2026-09-24 06:42:22,3,standard,2.0,0,11,flute,1
Marcus,4,2026-09-24 06:42:22,3,standard,2.0,0,12,cabbage,1
Marcus,4,2026-09-24 06:42:22,3,standard,2.0,0,13,hallway,1
Marcus,4,2026-09-24 06:42:22,4,filled,2.0,25,1,fence,0
Marcus,4,2026-09-24 06:42:22,4,filled,2.0,25,2,apple,0
Marcus,4,2026-09-24 06:42:22,4,filled,2.0,25,3,mask,0
Marcus,4,2026-09-24 06:42:22,4,filled,2.0,25,4,sparrow,0
Marcus,4,2026-09-24 06:42:22,4,filled,2.0,25,5,insect,0
Marcus,4,2026-09-24 06:42:22,4,filled,2.0,25,6,chimney,0
Marcus,4,2026-09-24 06:42:22,4,filled,2.0,25,7,moss,0
Marcus,4,2026-09-24 06:42:22,4,filled,2.0,25,8,gravel,0
Marcus,4,2026-09-24 06:42:22,4,filled,2.0,25,9,pigeon,0
Marcus,4,2026-09-24 06:42:22,4,filled,2.0,25,10,hornet,0
Marcus,4,2026-09-24 06:42:22,4,filled,2.0,25,11,corkscrew,1
Marcus,4,2026-09-24 06:42:22,4,filled,2.0,25,12,salmon,1
Marcus,4,2026-09-24 06:42:22,4,filled,2.0,25,13,umbrella,1
Marcus,5,2026-09-24 06:45:35,1,standard,2.0,0,1,lantern,0
Marcus,5,2026-09-24 06:45:35,1,standard,2.0,0,2,breeze,0
Marcus,5,2026-09-24 06:45:35,1,standard,2.0,0,3,otter,0
Marcus,5,2026-09-24 06:45:35,1,standard,2.0,0,4,colander,1
Marcus,5,2026-09-24 06:45:35,1,standard,2.0,0,5,spatula,0
Marcus,5,2026-09-24 06:45:35,1,standard,2.0,0,6,spoon,1
Marcus,5,2026-09-24 06:45:35,1,standard,2.0,0,7,sponge,1
Marcus,5,2026-09-24 06:45:35,1,standard,2.0,0,8,goblet,0
Marcus,5,2026-09-24 06:45:35,1,standard,2.0,0,9,drawer,0
Marcus,5,2026-09-24 06:45:35,1,standard,2.0,0,10,trumpet,0
Marcus,5,2026-09-24 06:45:35,1,standard,2.0,0,11,horse,0
Marcus,5,2026-09-24 06:45:35,1,standard,2.0,0,12,raccoon,0
Marcus,5,2026-09-24 06:45:35,1,standard,2.0,0,13,table,1
Marcus,5,2026-09-24 06:45:35,2,pause,2.0,25,1,anchor,0
Marcus,5,2026-09-24 06:45:35,2,pause,2.0,25,2,cloak,0
Marcus,5,2026-09-24 06:45:35,2,pause,2.0,25,3,oyster,0
Marcus,5,2026-09-24 06:45:35,2,pause,2.0,25,4,ferret,0
Marcus,5,2026-09-24 06:45:35,2,pause,2.0,25,5,noodle,0
Marcus,5,2026-09-24 06:45:35,2,pause,2.0,25,6,lobster,1
Marcus,5,2026-09-24 06:45:35,2,pause,2.0,25,7,hedge,0
Marcus,5,2026-09-24 06:45:35,2,pause,2.0,25,8,blade,0
Marcus,5,2026-09-24 06:45:35,2,pause,2.0,25,9,parrot,0
Marcus,5,2026-09-24 06:45:35,2,pause,2.0,25,10,bench,0
Marcus,5,2026-09-24 06:45:35,2,pause,2.0,25,11,buffalo,0
Marcus,5,2026-09-24 06:45:35,2,pause,2.0,25,12,falcon,1
Marcus,5,2026-09-24 06:45:35,2,pause,2.0,25,13,umbrella,1
Marcus,5,2026-09-24 06:45:35,3,fast,0.5,0,1,pocket,0
Marcus,5,2026-09-24 06:45:35,3,fast,0.5,0,2,radish,0
Marcus,5,2026-09-24 06:45:35,3,fast,0.5,0,3,rope,0
Marcus,5,2026-09-24 06:45:35,3,fast,0.5,0,4,pickle,0
Marcus,5,2026-09-24 06:45:35,3,fast,0.5,0,5,shovel,0
Marcus,5,2026-09-24 06:45:35,3,fast,0.5,0,6,ghost,0
Marcus,5,2026-09-24 06:45:35,3,fast,0.5,0,7,river,0
Marcus,5,2026-09-24 06:45:35,3,fast,0.5,0,8,kite,0
Marcus,5,2026-09-24 06:45:35,3,fast,0.5,0,9,rabbit,0
Marcus,5,2026-09-24 06:45:35,3,fast,0.5,0,10,ankle,0
Marcus,5,2026-09-24 06:45:35,3,fast,0.5,0,11,chisel,0
Marcus,5,2026-09-24 06:45:35,3,fast,0.5,0,12,pebble,1
Marcus,5,2026-09-24 06:45:35,3,fast,0.5,0,13,biscuit,1
Marcus,5,2026-09-24 06:45:35,4,filled,2.0,25,1,lantern,0
Marcus,5,2026-09-24 06:45:35,4,filled,2.0,25,2,badger,0
Marcus,5,2026-09-24 06:45:35,4,filled,2.0,25,3,shell,1
Marcus,5,2026-09-24 06:45:35,4,filled,2.0,25,4,otter,1
Marcus,5,2026-09-24 06:45:35,4,filled,2.0,25,5,panther,1
Marcus,5,2026-09-24 06:45:35,4,filled,2.0,25,6,trolley,0
Marcus,5,2026-09-24 06:45:35,4,filled,2.0,25,7,acorn,0
Marcus,5,2026-09-24 06:45:35,4,filled,2.0,25,8,tower,0
Marcus,5,2026-09-24 06:45:35,4,filled,2.0,25,9,blade,0
Marcus,5,2026-09-24 06:45:35,4,filled,2.0,25,10,fabric,0
Marcus,5,2026-09-24 06:45:35,4,filled,2.0,25,11,pillar,0
Marcus,5,2026-09-24 06:45:35,4,filled,2.0,25,12,peanut,0
Marcus,5,2026-09-24 06:45:35,4,filled,2.0,25,13,rabbit,0
Marcus,6,2026-09-24 06:49:00,1,filled,2.0,25,1,bagpipe,1
Marcus,6,2026-09-24 06:49:00,1,filled,2.0,25,2,torch,0
Marcus,6,2026-09-24 06:49:00,1,filled,2.0,25,3,volcano,0
Marcus,6,2026-09-24 06:49:00,1,filled,2.0,25,4,sleeve,0
Marcus,6,2026-09-24 06:49:00,1,filled,2.0,25,5,trophy,0
Marcus,6,2026-09-24 06:49:00,1,filled,2.0,25,6,pliers,0
Marcus,6,2026-09-24 06:49:00,1,filled,2.0,25,7,blanket,0
Marcus,6,2026-09-24 06:49:00,1,filled,2.0,25,8,fence,0
Marcus,6,2026-09-24 06:49:00,1,filled,2.0,25,9,panther,1
Marcus,6,2026-09-24 06:49:00,1,filled,2.0,25,10,cabbage,0
Marcus,6,2026-09-24 06:49:00,1,filled,2.0,25,11,penguin,0
Marcus,6,2026-09-24 06:49:00,1,filled,2.0,25,12,petal,1
Marcus,6,2026-09-24 06:49:00,1,filled,2.0,25,13,garden,0
Marcus,6,2026-09-24 06:49:00,2,pause,2.0,25,1,button,0
Marcus,6,2026-09-24 06:49:00,2,pause,2.0,25,2,sausage,0
Marcus,6,2026-09-24 06:49:00,2,pause,2.0,25,3,shovel,0
Marcus,6,2026-09-24 06:49:00,2,pause,2.0,25,4,pliers,0
Marcus,6,2026-09-24 06:49:00,2,pause,2.0,25,5,boulder,0
Marcus,6,2026-09-24 06:49:00,2,pause,2.0,25,6,cabin,0
Marcus,6,2026-09-24 06:49:00,2,pause,2.0,25,7,castle,0
Marcus,6,2026-09-24 06:49:00,2,pause,2.0,25,8,badger,0
Marcus,6,2026-09-24 06:49:00,2,pause,2.0,25,9,goblet,0
Marcus,6,2026-09-24 06:49:00,2,pause,2.0,25,10,farmer,0
Marcus,6,2026-09-24 06:49:00,2,pause,2.0,25,11,zebra,1
Marcus,6,2026-09-24 06:49:00,2,pause,2.0,25,12,helmet,1
Marcus,6,2026-09-24 06:49:00,2,pause,2.0,25,13,petal,1
Marcus,6,2026-09-24 06:49:00,3,standard,2.0,0,1,colander,1
Marcus,6,2026-09-24 06:49:00,3,standard,2.0,0,2,trolley,0
Marcus,6,2026-09-24 06:49:00,3,standard,2.0,0,3,radish,0
Marcus,6,2026-09-24 06:49:00,3,standard,2.0,0,4,tambourine,1
Marcus,6,2026-09-24 06:49:00,3,standard,2.0,0,5,ferret,0
Marcus,6,2026-09-24 06:49:00,3,standard,2.0,0,6,wrench,0
Marcus,6,2026-09-24 06:49:00,3,standard,2.0,0,7,celery,0
Marcus,6,2026-09-24 06:49:00,3,standard,2.0,0,8,melon,0
Marcus,6,2026-09-24 06:49:00,3,standard,2.0,0,9,kernel,0
Marcus,6,2026-09-24 06:49:00,3,standard,2.0,0,10,panther,1
Marcus,6,2026-09-24 06:49:00,3,standard,2.0,0,11,harp,1
Marcus,6,2026-09-24 06:49:00,3,standard,2.0,0,12,leopard,1
Marcus,6,2026-09-24 06:49:00,3,standard,2.0,0,13,puzzle,1
Marcus,6,2026-09-24 06:49:00,4,fast,0.5,0,1,turtle,0
Marcus,6,2026-09-24 06:49:00,4,fast,0.5,0,2,machine,0
Marcus,6,2026-09-24 06:49:00,4,fast,0.5,0,3,insect,0
Marcus,6,2026-09-24 06:49:00,4,fast,0.5,0,4,apricot,0
Marcus,6,2026-09-24 06:49:00,4,fast,0.5,0,5,bread,0
Marcus,6,2026-09-24 06:49:00,4,fast,0.5,0,6,sword,0
Marcus,6,2026-09-24 06:49:00,4,fast,0.5,0,7,hornet,0
Marcus,6,2026-09-24 06:49:00,4,fast,0.5,0,8,tunnel,0
Marcus,6,2026-09-24 06:49:00,4,fast,0.5,0,9,pocket,0
Marcus,6,2026-09-24 06:49:00,4,fast,0.5,0,10,lizard,1
Marcus,6,2026-09-24 06:49:00,4,fast,0.5,0,11,pepper,1
Marcus,6,2026-09-24 06:49:00,4,fast,0.5,0,12,camera,0
Marcus,6,2026-09-24 06:49:00,4,fast,0.5,0,13,engine,1
Marcus,7,2026-09-24 06:51:57,1,filled,2.0,25,1,trolley,0
Marcus,7,2026-09-24 06:51:57,1,filled,2.0,25,2,scarf,0
Marcus,7,2026-09-24 06:51:57,1,filled,2.0,25,3,pencil,0
Marcus,7,2026-09-24 06:51:57,1,filled,2.0,25,4,mitten,0
Marcus,7,2026-09-24 06:51:57,1,filled,2.0,25,5,drawer,0
Marcus,7,2026-09-24 06:51:57,1,filled,2.0,25,6,apricot,0
Marcus,7,2026-09-24 06:51:57,1,filled,2.0,25,7,feather,0
Marcus,7,2026-09-24 06:51:57,1,filled,2.0,25,8,hook,1
Marcus,7,2026-09-24 06:51:57,1,filled,2.0,25,9,blossom,0
Marcus,7,2026-09-24 06:51:57,1,filled,2.0,25,10,balcony,1
Marcus,7,2026-09-24 06:51:57,1,filled,2.0,25,11,ribbon,0
Marcus,7,2026-09-24 06:51:57,1,filled,2.0,25,12,branch,0
Marcus,7,2026-09-24 06:51:57,1,filled,2.0,25,13,spider,1
Marcus,7,2026-09-24 06:51:57,2,pause,2.0,25,1,castle,0
Marcus,7,2026-09-24 06:51:57,2,pause,2.0,25,2,collar,0
Marcus,7,2026-09-24 06:51:57,2,pause,2.0,25,3,mask,0
Marcus,7,2026-09-24 06:51:57,2,pause,2.0,25,4,plant,0
Marcus,7,2026-09-24 06:51:57,2,pause,2.0,25,5,tractor,0
Marcus,7,2026-09-24 06:51:57,2,pause,2.0,25,6,book,0
Marcus,7,2026-09-24 06:51:57,2,pause,2.0,25,7,ferret,0
Marcus,7,2026-09-24 06:51:57,2,pause,2.0,25,8,elbow,0
Marcus,7,2026-09-24 06:51:57,2,pause,2.0,25,9,ripple,0
Marcus,7,2026-09-24 06:51:57,2,pause,2.0,25,10,wheel,0
Marcus,7,2026-09-24 06:51:57,2,pause,2.0,25,11,candle,0
Marcus,7,2026-09-24 06:51:57,2,pause,2.0,25,12,frame,0
Marcus,7,2026-09-24 06:51:57,2,pause,2.0,25,13,throne,1
Marcus,7,2026-09-24 06:51:57,3,fast,0.5,0,1,marble,0
Marcus,7,2026-09-24 06:51:57,3,fast,0.5,0,2,pillar,0
Marcus,7,2026-09-24 06:51:57,3,fast,0.5,0,3,glove,0
Marcus,7,2026-09-24 06:51:57,3,fast,0.5,0,4,lizard,0
Marcus,7,2026-09-24 06:51:57,3,fast,0.5,0,5,sausage,0
Marcus,7,2026-09-24 06:51:57,3,fast,0.5,0,6,chisel,0
Marcus,7,2026-09-24 06:51:57,3,fast,0.5,0,7,wheel,0
Marcus,7,2026-09-24 06:51:57,3,fast,0.5,0,8,ladle,0
Marcus,7,2026-09-24 06:51:57,3,fast,0.5,0,9,cello,0
Marcus,7,2026-09-24 06:51:57,3,fast,0.5,0,10,bridge,0
Marcus,7,2026-09-24 06:51:57,3,fast,0.5,0,11,gravel,0
Marcus,7,2026-09-24 06:51:57,3,fast,0.5,0,12,thumb,1
Marcus,7,2026-09-24 06:51:57,3,fast,0.5,0,13,branch,1
Marcus,7,2026-09-24 06:51:57,4,standard,2.0,0,1,harmonica,1
Marcus,7,2026-09-24 06:51:57,4,standard,2.0,0,2,cage,0
Marcus,7,2026-09-24 06:51:57,4,standard,2.0,0,3,trumpet,1
Marcus,7,2026-09-24 06:51:57,4,standard,2.0,0,4,chain,0
Marcus,7,2026-09-24 06:51:57,4,standard,2.0,0,5,pickle,1
Marcus,7,2026-09-24 06:51:57,4,standard,2.0,0,6,torch,0
Marcus,7,2026-09-24 06:51:57,4,standard,2.0,0,7,boulder,0
Marcus,7,2026-09-24 06:51:57,4,standard,2.0,0,8,balcony,0
Marcus,7,2026-09-24 06:51:57,4,standard,2.0,0,9,zipper,0
Marcus,7,2026-09-24 06:51:57,4,standard,2.0,0,10,hornet,0
Marcus,7,2026-09-24 06:51:57,4,standard,2.0,0,11,blouse,0
Marcus,7,2026-09-24 06:51:57,4,standard,2.0,0,12,bagpipe,1
Marcus,7,2026-09-24 06:51:57,4,standard,2.0,0,13,hallway,1
Marcus,8,2026-09-24 06:55:13,1,pause,2.0,25,1,compass,0
Marcus,8,2026-09-24 06:55:13,1,pause,2.0,25,2,beetle,0
Marcus,8,2026-09-24 06:55:13,1,pause,2.0,25,3,sleigh,0
Marcus,8,2026-09-24 06:55:13,1,pause,2.0,25,4,colander,0
Marcus,8,2026-09-24 06:55:13,1,pause,2.0,25,5,buffalo,0
Marcus,8,2026-09-24 06:55:13,1,pause,2.0,25,6,dagger,1
Marcus,8,2026-09-24 06:55:13,1,pause,2.0,25,7,wrench,0
Marcus,8,2026-09-24 06:55:13,1,pause,2.0,25,8,knuckle,1
Marcus,8,2026-09-24 06:55:13,1,pause,2.0,25,9,orange,0
Marcus,8,2026-09-24 06:55:13,1,pause,2.0,25,10,lizard,0
Marcus,8,2026-09-24 06:55:13,1,pause,2.0,25,11,carrot,0
Marcus,8,2026-09-24 06:55:13,1,pause,2.0,25,12,puzzle,0
Marcus,8,2026-09-24 06:55:13,1,pause,2.0,25,13,engine,0
Marcus,8,2026-09-24 06:55:13,2,filled,2.0,25,1,pigeon,0
Marcus,8,2026-09-24 06:55:13,2,filled,2.0,25,2,sword,0
Marcus,8,2026-09-24 06:55:13,2,filled,2.0,25,3,balloon,0
Marcus,8,2026-09-24 06:55:13,2,filled,2.0,25,4,pillow,0
Marcus,8,2026-09-24 06:55:13,2,filled,2.0,25,5,penguin,0
Marcus,8,2026-09-24 06:55:13,2,filled,2.0,25,6,olive,1
Marcus,8,2026-09-24 06:55:13,2,filled,2.0,25,7,chariot,1
Marcus,8,2026-09-24 06:55:13,2,filled,2.0,25,8,cellar,0
Marcus,8,2026-09-24 06:55:13,2,filled,2.0,25,9,frame,0
Marcus,8,2026-09-24 06:55:13,2,filled,2.0,25,10,thimble,0
Marcus,8,2026-09-24 06:55:13,2,filled,2.0,25,11,napkin,0
Marcus,8,2026-09-24 06:55:13,2,filled,2.0,25,12,carriage,0
Marcus,8,2026-09-24 06:55:13,2,filled,2.0,25,13,collar,0
Marcus,8,2026-09-24 06:55:13,3,standard,2.0,0,1,petal,1
Marcus,8,2026-09-24 06:55:13,3,standard,2.0,0,2,trumpet,1
Marcus,8,2026-09-24 06:55:13,3,standard,2.0,0,3,pocket,1
Marcus,8,2026-09-24 06:55:13,3,standard,2.0,0,4,spoon,1
Marcus,8,2026-09-24 06:55:13,3,standard,2.0,0,5,saucer,0
Marcus,8,2026-09-24 06:55:13,3,standard,2.0,0,6,river,1
Marcus,8,2026-09-24 06:55:13,3,standard,2.0,0,7,bread,1
Marcus,8,2026-09-24 06:55:13,3,standard,2.0,0,8,drum,0
Marcus,8,2026-09-24 06:55:13,3,standard,2.0,0,9,apple,0
Marcus,8,2026-09-24 06:55:13,3,standard,2.0,0,10,camera,0
Marcus,8,2026-09-24 06:55:13,3,standard,2.0,0,11,knife,0
Marcus,8,2026-09-24 06:55:13,3,standard,2.0,0,12,cloud,0
Marcus,8,2026-09-24 06:55:13,3,standard,2.0,0,13,forest,1
Marcus,8,2026-09-24 06:55:13,4,fast,0.5,0,1,radish,0
Marcus,8,2026-09-24 06:55:13,4,fast,0.5,0,2,raccoon,0
Marcus,8,2026-09-24 06:55:13,4,fast,0.5,0,3,sweater,0
Marcus,8,2026-09-24 06:55:13,4,fast,0.5,0,4,jaw,0
Marcus,8,2026-09-24 06:55:13,4,fast,0.5,0,5,sponge,0
Marcus,8,2026-09-24 06:55:13,4,fast,0.5,0,6,fabric,0
Marcus,8,2026-09-24 06:55:13,4,fast,0.5,0,7,mitten,1
Marcus,8,2026-09-24 06:55:13,4,fast,0.5,0,8,harvest,0
Marcus,8,2026-09-24 06:55:13,4,fast,0.5,0,9,noodle,0
Marcus,8,2026-09-24 06:55:13,4,fast,0.5,0,10,falcon,0
Marcus,8,2026-09-24 06:55:13,4,fast,0.5,0,11,walrus,0
Marcus,8,2026-09-24 06:55:13,4,fast,0.5,0,12,pebble,0
Marcus,8,2026-09-24 06:55:13,4,fast,0.5,0,13,cage,0
Marcus,9,2026-09-24 07:08:06,1,fast,0.5,0,1,throne,1
Marcus,9,2026-09-24 07:08:06,1,fast,0.5,0,2,walnut,1
Marcus,9,2026-09-24 07:08:06,1,fast,0.5,0,3,blade,0
Marcus,9,2026-09-24 07:08:06,1,fast,0.5,0,4,drawer,0
Marcus,9,2026-09-24 07:08:06,1,fast,0.5,0,5,hammer,1
Marcus,9,2026-09-24 07:08:06,1,fast,0.5,0,6,attic,0
Marcus,9,2026-09-24 07:08:06,1,fast,0.5,0,7,volcano,0
Marcus,9,2026-09-24 07:08:06,1,fast,0.5,0,8,dolphin,0
Marcus,9,2026-09-24 07:08:06,1,fast,0.5,0,9,tambourine,0
Marcus,9,2026-09-24 07:08:06,1,fast,0.5,0,10,donkey,0
Marcus,9,2026-09-24 07:08:06,1,fast,0.5,0,11,gravel,0
Marcus,9,2026-09-24 07:08:06,1,fast,0.5,0,12,broom,0
Marcus,9,2026-09-24 07:08:06,1,fast,0.5,0,13,bridge,0
Marcus,9,2026-09-24 07:08:06,2,standard,2.0,0,1,attic,1
Marcus,9,2026-09-24 07:08:06,2,standard,2.0,0,2,apron,0
Marcus,9,2026-09-24 07:08:06,2,standard,2.0,0,3,zipper,1
Marcus,9,2026-09-24 07:08:06,2,standard,2.0,0,4,almond,1
Marcus,9,2026-09-24 07:08:06,2,standard,2.0,0,5,eagle,1
Marcus,9,2026-09-24 07:08:06,2,standard,2.0,0,6,fence,0
Marcus,9,2026-09-24 07:08:06,2,standard,2.0,0,7,bread,0
Marcus,9,2026-09-24 07:08:06,2,standard,2.0,0,8,carrot,0
Marcus,9,2026-09-24 07:08:06,2,standard,2.0,0,9,cellar,0
Marcus,9,2026-09-24 07:08:06,2,standard,2.0,0,10,noodle,0
Marcus,9,2026-09-24 07:08:06,2,standard,2.0,0,11,pretzel,0
Marcus,9,2026-09-24 07:08:06,2,standard,2.0,0,12,donkey,1
Marcus,9,2026-09-24 07:08:06,2,standard,2.0,0,13,window,1
Marcus,9,2026-09-24 07:08:06,3,pause,2.0,25,1,violin,0
Marcus,9,2026-09-24 07:08:06,3,pause,2.0,25,2,goblet,0
Marcus,9,2026-09-24 07:08:06,3,pause,2.0,25,3,pepper,0
Marcus,9,2026-09-24 07:08:06,3,pause,2.0,25,4,flame,0
Marcus,9,2026-09-24 07:08:06,3,pause,2.0,25,5,falcon,0
Marcus,9,2026-09-24 07:08:06,3,pause,2.0,25,6,dolphin,0
Marcus,9,2026-09-24 07:08:06,3,pause,2.0,25,7,table,0
Marcus,9,2026-09-24 07:08:06,3,pause,2.0,25,8,hammer,1
Marcus,9,2026-09-24 07:08:06,3,pause,2.0,25,9,tunnel,0
Marcus,9,2026-09-24 07:08:06,3,pause,2.0,25,10,trowel,0
Marcus,9,2026-09-24 07:08:06,3,pause,2.0,25,11,marble,0
Marcus,9,2026-09-24 07:08:06,3,pause,2.0,25,12,hook,1
Marcus,9,2026-09-24 07:08:06,3,pause,2.0,25,13,sleigh,0
Marcus,9,2026-09-24 07:08:06,4,filled,2.0,25,1,gate,0
Marcus,9,2026-09-24 07:08:06,4,filled,2.0,25,2,rope,0
Marcus,9,2026-09-24 07:08:06,4,filled,2.0,25,3,beaver,0
Marcus,9,2026-09-24 07:08:06,4,filled,2.0,25,4,glass,1
Marcus,9,2026-09-24 07:08:06,4,filled,2.0,25,5,orange,1
Marcus,9,2026-09-24 07:08:06,4,filled,2.0,25,6,walrus,0
Marcus,9,2026-09-24 07:08:06,4,filled,2.0,25,7,trophy,0
Marcus,9,2026-09-24 07:08:06,4,filled,2.0,25,8,scarf,0
Marcus,9,2026-09-24 07:08:06,4,filled,2.0,25,9,bonnet,0
Marcus,9,2026-09-24 07:08:06,4,filled,2.0,25,10,jungle,0
Marcus,9,2026-09-24 07:08:06,4,filled,2.0,25,11,hedge,0
Marcus,9,2026-09-24 07:08:06,4,filled,2.0,25,12,insect,1
Marcus,9,2026-09-24 07:08:06,4,filled,2.0,25,13,hallway,0
Marcus,10,2026-09-24 07:15:05,1,fast,0.5,0,1,domino,1
Marcus,10,2026-09-24 07:15:05,1,fast,0.5,0,2,marble,1
Marcus,10,2026-09-24 07:15:05,1,fast,0.5,0,3,coconut,1
Marcus,10,2026-09-24 07:15:05,1,fast,0.5,0,4,hammer,0
Marcus,10,2026-09-24 07:15:05,1,fast,0.5,0,5,branch,0
Marcus,10,2026-09-24 07:15:05,1,fast,0.5,0,6,kayak,0
Marcus,10,2026-09-24 07:15:05,1,fast,0.5,0,7,donkey,0
Marcus,10,2026-09-24 07:15:05,1,fast,0.5,0,8,ripple,0
Marcus,10,2026-09-24 07:15:05,1,fast,0.5,0,9,harp,0
Marcus,10,2026-09-24 07:15:05,1,fast,0.5,0,10,boulder,0
Marcus,10,2026-09-24 07:15:05,1,fast,0.5,0,11,waffle,1
Marcus,10,2026-09-24 07:15:05,1,fast,0.5,0,12,button,0
Marcus,10,2026-09-24 07:15:05,1,fast,0.5,0,13,camel,0
Marcus,10,2026-09-24 07:15:05,2,pause,2.0,25,1,lantern,1
Marcus,10,2026-09-24 07:15:05,2,pause,2.0,25,2,peanut,1
Marcus,10,2026-09-24 07:15:05,2,pause,2.0,25,3,olive,1
Marcus,10,2026-09-24 07:15:05,2,pause,2.0,25,4,hook,0
Marcus,10,2026-09-24 07:15:05,2,pause,2.0,25,5,candle,0
Marcus,10,2026-09-24 07:15:05,2,pause,2.0,25,6,lobster,0
Marcus,10,2026-09-24 07:15:05,2,pause,2.0,25,7,machine,0
Marcus,10,2026-09-24 07:15:05,2,pause,2.0,25,8,parrot,0
Marcus,10,2026-09-24 07:15:05,2,pause,2.0,25,9,saddle,0
Marcus,10,2026-09-24 07:15:05,2,pause,2.0,25,10,desert,0
Marcus,10,2026-09-24 07:15:05,2,pause,2.0,25,11,dolphin,0
Marcus,10,2026-09-24 07:15:05,2,pause,2.0,25,12,scooter,0
Marcus,10,2026-09-24 07:15:05,2,pause,2.0,25,13,balloon,0
Marcus,10,2026-09-24 07:15:05,3,filled,2.0,25,1,blouse,0
Marcus,10,2026-09-24 07:15:05,3,filled,2.0,25,2,mask,1
Marcus,10,2026-09-24 07:15:05,3,filled,2.0,25,3,apple,0
Marcus,10,2026-09-24 07:15:05,3,filled,2.0,25,4,tractor,0
Marcus,10,2026-09-24 07:15:05,3,filled,2.0,25,5,cabin,0
Marcus,10,2026-09-24 07:15:05,3,filled,2.0,25,6,potato,0
Marcus,10,2026-09-24 07:15:05,3,filled,2.0,25,7,pillow,0
Marcus,10,2026-09-24 07:15:05,3,filled,2.0,25,8,blade,0
Marcus,10,2026-09-24 07:15:05,3,filled,2.0,25,9,kite,0
Marcus,10,2026-09-24 07:15:05,3,filled,2.0,25,10,rake,0
Marcus,10,2026-09-24 07:15:05,3,filled,2.0,25,11,sausage,0
Marcus,10,2026-09-24 07:15:05,3,filled,2.0,25,12,weasel,1
Marcus,10,2026-09-24 07:15:05,3,filled,2.0,25,13,bonnet,1
Marcus,10,2026-09-24 07:15:05,4,standard,2.0,0,1,gate,1
Marcus,10,2026-09-24 07:15:05,4,standard,2.0,0,2,apricot,1
Marcus,10,2026-09-24 07:15:05,4,standard,2.0,0,3,weasel,1
Marcus,10,2026-09-24 07:15:05,4,standard,2.0,0,4,acorn,1
Marcus,10,2026-09-24 07:15:05,4,standard,2.0,0,5,wrist,0
Marcus,10,2026-09-24 07:15:05,4,standard,2.0,0,6,badger,0
Marcus,10,2026-09-24 07:15:05,4,standard,2.0,0,7,trophy,0
Marcus,10,2026-09-24 07:15:05,4,standard,2.0,0,8,trolley,0
Marcus,10,2026-09-24 07:15:05,4,standard,2.0,0,9,lemon,1
Marcus,10,2026-09-24 07:15:05,4,standard,2.0,0,10,pliers,0
Marcus,10,2026-09-24 07:15:05,4,standard,2.0,0,11,chimney,1
Marcus,10,2026-09-24 07:15:05,4,standard,2.0,0,12,glacier,0
Marcus,10,2026-09-24 07:15:05,4,standard,2.0,0,13,blade,1
Marcus,11,2026-09-24 07:18:31,1,pause,2.0,25,1,nozzle,1
Marcus,11,2026-09-24 07:18:31,1,pause,2.0,25,2,chain,0
Marcus,11,2026-09-24 07:18:31,1,pause,2.0,25,3,stone,1
Marcus,11,2026-09-24 07:18:31,1,pause,2.0,25,4,helmet,1
Marcus,11,2026-09-24 07:18:31,1,pause,2.0,25,5,cloak,0
Marcus,11,2026-09-24 07:18:31,1,pause,2.0,25,6,chair,0
Marcus,11,2026-09-24 07:18:31,1,pause,2.0,25,7,puddle,0
Marcus,11,2026-09-24 07:18:31,1,pause,2.0,25,8,puzzle,0
Marcus,11,2026-09-24 07:18:31,1,pause,2.0,25,9,lobster,0
Marcus,11,2026-09-24 07:18:31,1,pause,2.0,25,10,lemon,0
Marcus,11,2026-09-24 07:18:31,1,pause,2.0,25,11,guitar,1
Marcus,11,2026-09-24 07:18:31,1,pause,2.0,25,12,fabric,0
Marcus,11,2026-09-24 07:18:31,1,pause,2.0,25,13,muffin,0
Marcus,11,2026-09-24 07:18:31,2,standard,2.0,0,1,pickle,1
Marcus,11,2026-09-24 07:18:31,2,standard,2.0,0,2,colander,1
Marcus,11,2026-09-24 07:18:31,2,standard,2.0,0,3,coin,1
Marcus,11,2026-09-24 07:18:31,2,standard,2.0,0,4,cactus,0
Marcus,11,2026-09-24 07:18:31,2,standard,2.0,0,5,hamster,0
Marcus,11,2026-09-24 07:18:31,2,standard,2.0,0,6,monster,0
Marcus,11,2026-09-24 07:18:31,2,standard,2.0,0,7,rocket,0
Marcus,11,2026-09-24 07:18:31,2,standard,2.0,0,8,otter,0
Marcus,11,2026-09-24 07:18:31,2,standard,2.0,0,9,bench,1
Marcus,11,2026-09-24 07:18:31,2,standard,2.0,0,10,cabbage,1
Marcus,11,2026-09-24 07:18:31,2,standard,2.0,0,11,apron,0
Marcus,11,2026-09-24 07:18:31,2,standard,2.0,0,12,sleigh,1
Marcus,11,2026-09-24 07:18:31,2,standard,2.0,0,13,mirror,1
Marcus,11,2026-09-24 07:18:31,3,filled,2.0,25,1,cello,1
Marcus,11,2026-09-24 07:18:31,3,filled,2.0,25,2,turnip,1
Marcus,11,2026-09-24 07:18:31,3,filled,2.0,25,3,ribbon,1
Marcus,11,2026-09-24 07:18:31,3,filled,2.0,25,4,penguin,0
Marcus,11,2026-09-24 07:18:31,3,filled,2.0,25,5,monster,0
Marcus,11,2026-09-24 07:18:31,3,filled,2.0,25,6,nozzle,0
Marcus,11,2026-09-24 07:18:31,3,filled,2.0,25,7,mango,0
Marcus,11,2026-09-24 07:18:31,3,filled,2.0,25,8,sponge,0
Marcus,11,2026-09-24 07:18:31,3,filled,2.0,25,9,sausage,0
Marcus,11,2026-09-24 07:18:31,3,filled,2.0,25,10,balloon,0
Marcus,11,2026-09-24 07:18:31,3,filled,2.0,25,11,weasel,0
Marcus,11,2026-09-24 07:18:31,3,filled,2.0,25,12,whisk,0
Marcus,11,2026-09-24 07:18:31,3,filled,2.0,25,13,mitten,0
Marcus,11,2026-09-24 07:18:31,4,fast,0.5,0,1,whistle,1
Marcus,11,2026-09-24 07:18:31,4,fast,0.5,0,2,sleeve,1
Marcus,11,2026-09-24 07:18:31,4,fast,0.5,0,3,desert,0
Marcus,11,2026-09-24 07:18:31,4,fast,0.5,0,4,sword,0
Marcus,11,2026-09-24 07:18:31,4,fast,0.5,0,5,umbrella,1
Marcus,11,2026-09-24 07:18:31,4,fast,0.5,0,6,radish,0
Marcus,11,2026-09-24 07:18:31,4,fast,0.5,0,7,nail,0
Marcus,11,2026-09-24 07:18:31,4,fast,0.5,0,8,forest,0
Marcus,11,2026-09-24 07:18:31,4,fast,0.5,0,9,kayak,1
Marcus,11,2026-09-24 07:18:31,4,fast,0.5,0,10,moss,0
Marcus,11,2026-09-24 07:18:31,4,fast,0.5,0,11,blossom,0
Marcus,11,2026-09-24 07:18:31,4,fast,0.5,0,12,wagon,0
Marcus,11,2026-09-24 07:18:31,4,fast,0.5,0,13,beaver,0
Marcus,12,2026-09-24 07:22:12,1,pause,2.0,25,1,sparrow,1
Marcus,12,2026-09-24 07:22:12,1,pause,2.0,25,2,oyster,1
Marcus,12,2026-09-24 07:22:12,1,pause,2.0,25,3,garden,1
Marcus,12,2026-09-24 07:22:12,1,pause,2.0,25,4,turtle,0
Marcus,12,2026-09-24 07:22:12,1,pause,2.0,25,5,fence,0
Marcus,12,2026-09-24 07:22:12,1,pause,2.0,25,6,goblet,0
Marcus,12,2026-09-24 07:22:12,1,pause,2.0,25,7,sleigh,0
Marcus,12,2026-09-24 07:22:12,1,pause,2.0,25,8,trophy,0
Marcus,12,2026-09-24 07:22:12,1,pause,2.0,25,9,attic,0
Marcus,12,2026-09-24 07:22:12,1,pause,2.0,25,10,elbow,0
Marcus,12,2026-09-24 07:22:12,1,pause,2.0,25,11,bench,0
Marcus,12,2026-09-24 07:22:12,1,pause,2.0,25,12,nozzle,0
Marcus,12,2026-09-24 07:22:12,1,pause,2.0,25,13,pretzel,1
Marcus,12,2026-09-24 07:22:12,2,filled,2.0,25,1,hanger,0
Marcus,12,2026-09-24 07:22:12,2,filled,2.0,25,2,camera,0
Marcus,12,2026-09-24 07:22:12,2,filled,2.0,25,3,turnip,1
Marcus,12,2026-09-24 07:22:12,2,filled,2.0,25,4,pancake,0
Marcus,12,2026-09-24 07:22:12,2,filled,2.0,25,5,waffle,1
Marcus,12,2026-09-24 07:22:12,2,filled,2.0,25,6,nail,0
Marcus,12,2026-09-24 07:22:12,2,filled,2.0,25,7,ankle,0
Marcus,12,2026-09-24 07:22:12,2,filled,2.0,25,8,colander,0
Marcus,12,2026-09-24 07:22:12,2,filled,2.0,25,9,drum,0
Marcus,12,2026-09-24 07:22:12,2,filled,2.0,25,10,cloud,0
Marcus,12,2026-09-24 07:22:12,2,filled,2.0,25,11,chisel,0
Marcus,12,2026-09-24 07:22:12,2,filled,2.0,25,12,thunder,0
Marcus,12,2026-09-24 07:22:12,2,filled,2.0,25,13,hammer,1
Marcus,12,2026-09-24 07:22:12,3,fast,0.5,0,1,candle,1
Marcus,12,2026-09-24 07:22:12,3,fast,0.5,0,2,umbrella,1
Marcus,12,2026-09-24 07:22:12,3,fast,0.5,0,3,drum,1
Marcus,12,2026-09-24 07:22:12,3,fast,0.5,0,4,marble,0
Marcus,12,2026-09-24 07:22:12,3,fast,0.5,0,5,sleeve,1
Marcus,12,2026-09-24 07:22:12,3,fast,0.5,0,6,trolley,0
Marcus,12,2026-09-24 07:22:12,3,fast,0.5,0,7,finger,0
Marcus,12,2026-09-24 07:22:12,3,fast,0.5,0,8,canoe,0
Marcus,12,2026-09-24 07:22:12,3,fast,0.5,0,9,flute,0
Marcus,12,2026-09-24 07:22:12,3,fast,0.5,0,10,violin,0
Marcus,12,2026-09-24 07:22:12,3,fast,0.5,0,11,orange,0
Marcus,12,2026-09-24 07:22:12,3,fast,0.5,0,12,apple,0
Marcus,12,2026-09-24 07:22:12,3,fast,0.5,0,13,sweater,0
Marcus,12,2026-09-24 07:22:12,4,standard,2.0,0,1,wrist,0
Marcus,12,2026-09-24 07:22:12,4,standard,2.0,0,2,spine,0
Marcus,12,2026-09-24 07:22:12,4,standard,2.0,0,3,ticket,0
Marcus,12,2026-09-24 07:22:12,4,standard,2.0,0,4,sausage,0
Marcus,12,2026-09-24 07:22:12,4,standard,2.0,0,5,trowel,0
Marcus,12,2026-09-24 07:22:12,4,standard,2.0,0,6,pliers,0
Marcus,12,2026-09-24 07:22:12,4,standard,2.0,0,7,glass,0
Marcus,12,2026-09-24 07:22:12,4,standard,2.0,0,8,balloon,0
Marcus,12,2026-09-24 07:22:12,4,standard,2.0,0,9,wrench,0
Marcus,12,2026-09-24 07:22:12,4,standard,2.0,0,10,crayon,0
Marcus,12,2026-09-24 07:22:12,4,standard,2.0,0,11,flute,0
Marcus,12,2026-09-24 07:22:12,4,standard,2.0,0,12,candle,0
Marcus,12,2026-09-24 07:22:12,4,standard,2.0,0,13,thunder,1
Marcus,13,2026-09-24 07:25:46,1,filled,2.0,25,1,knuckle,1
Marcus,13,2026-09-24 07:25:46,1,filled,2.0,25,2,thumb,1
Marcus,13,2026-09-24 07:25:46,1,filled,2.0,25,3,branch,0
Marcus,13,2026-09-24 07:25:46,1,filled,2.0,25,4,puddle,0
Marcus,13,2026-09-24 07:25:46,1,filled,2.0,25,5,muffin,0
Marcus,13,2026-09-24 07:25:46,1,filled,2.0,25,6,balloon,0
Marcus,13,2026-09-24 07:25:46,1,filled,2.0,25,7,hallway,0
Marcus,13,2026-09-24 07:25:46,1,filled,2.0,25,8,moose,0
Marcus,13,2026-09-24 07:25:46,1,filled,2.0,25,9,hammer,0
Marcus,13,2026-09-24 07:25:46,1,filled,2.0,25,10,pumpkin,0
Marcus,13,2026-09-24 07:25:46,1,filled,2.0,25,11,crayon,1
Marcus,13,2026-09-24 07:25:46,1,filled,2.0,25,12,carrot,1
Marcus,13,2026-09-24 07:25:46,1,filled,2.0,25,13,insect,0
Marcus,13,2026-09-24 07:25:46,2,standard,2.0,0,1,turtle,1
Marcus,13,2026-09-24 07:25:46,2,standard,2.0,0,2,ripple,0
Marcus,13,2026-09-24 07:25:46,2,standard,2.0,0,3,cabin,1
Marcus,13,2026-09-24 07:25:46,2,standard,2.0,0,4,ankle,1
Marcus,13,2026-09-24 07:25:46,2,standard,2.0,0,5,hanger,1
Marcus,13,2026-09-24 07:25:46,2,standard,2.0,0,6,zebra,0
Marcus,13,2026-09-24 07:25:46,2,standard,2.0,0,7,carrot,0
Marcus,13,2026-09-24 07:25:46,2,standard,2.0,0,8,pillow,0
Marcus,13,2026-09-24 07:25:46,2,standard,2.0,0,9,gravel,0
Marcus,13,2026-09-24 07:25:46,2,standard,2.0,0,10,wrist,1
Marcus,13,2026-09-24 07:25:46,2,standard,2.0,0,11,harmonica,1
Marcus,13,2026-09-24 07:25:46,2,standard,2.0,0,12,leopard,0
Marcus,13,2026-09-24 07:25:46,2,standard,2.0,0,13,sword,1
Marcus,13,2026-09-24 07:25:46,3,fast,0.5,0,1,snail,1
Marcus,13,2026-09-24 07:25:46,3,fast,0.5,0,2,goblet,0
Marcus,13,2026-09-24 07:25:46,3,fast,0.5,0,3,apple,1
Marcus,13,2026-09-24 07:25:46,3,fast,0.5,0,4,puzzle,0
Marcus,13,2026-09-24 07:25:46,3,fast,0.5,0,5,carriage,0
Marcus,13,2026-09-24 07:25:46,3,fast,0.5,0,6,balcony,0
Marcus,13,2026-09-24 07:25:46,3,fast,0.5,0,7,mallet,0
Marcus,13,2026-09-24 07:25:46,3,fast,0.5,0,8,island,0
Marcus,13,2026-09-24 07:25:46,3,fast,0.5,0,9,glass,0
Marcus,13,2026-09-24 07:25:46,3,fast,0.5,0,10,apricot,1
Marcus,13,2026-09-24 07:25:46,3,fast,0.5,0,11,almond,1
Marcus,13,2026-09-24 07:25:46,3,fast,0.5,0,12,bridge,0
Marcus,13,2026-09-24 07:25:46,3,fast,0.5,0,13,wagon,0
Marcus,13,2026-09-24 07:25:46,4,pause,2.0,25,1,violin,1
Marcus,13,2026-09-24 07:25:46,4,pause,2.0,25,2,window,1
Marcus,13,2026-09-24 07:25:46,4,pause,2.0,25,3,whisk,1
Marcus,13,2026-09-24 07:25:46,4,pause,2.0,25,4,harp,0
Marcus,13,2026-09-24 07:25:46,4,pause,2.0,25,5,pocket,0
Marcus,13,2026-09-24 07:25:46,4,pause,2.0,25,6,chariot,0
Marcus,13,2026-09-24 07:25:46,4,pause,2.0,25,7,bonnet,0
Marcus,13,2026-09-24 07:25:46,4,pause,2.0,25,8,goblet,0
Marcus,13,2026-09-24 07:25:46,4,pause,2.0,25,9,ferret,0
Marcus,13,2026-09-24 07:25:46,4,pause,2.0,25,10,wrench,0
Marcus,13,2026-09-24 07:25:46,4,pause,2.0,25,11,beetle,0
Marcus,13,2026-09-24 07:25:46,4,pause,2.0,25,12,crayon,0
Marcus,13,2026-09-24 07:25:46,4,pause,2.0,25,13,knife,1
Marcus,14,2026-09-24 07:29:39,1,standard,2.0,0,1,squirrel,0
Marcus,14,2026-09-24 07:29:39,1,standard,2.0,0,2,kite,0
Marcus,14,2026-09-24 07:29:39,1,standard,2.0,0,3,raccoon,1
Marcus,14,2026-09-24 07:29:39,1,standard,2.0,0,4,waffle,0
Marcus,14,2026-09-24 07:29:39,1,standard,2.0,0,5,bucket,0
Marcus,14,2026-09-24 07:29:39,1,standard,2.0,0,6,fabric,1
Marcus,14,2026-09-24 07:29:39,1,standard,2.0,0,7,hamster,1
Marcus,14,2026-09-24 07:29:39,1,standard,2.0,0,8,tower,0
Marcus,14,2026-09-24 07:29:39,1,standard,2.0,0,9,heel,0
Marcus,14,2026-09-24 07:29:39,1,standard,2.0,0,10,harp,0
Marcus,14,2026-09-24 07:29:39,1,standard,2.0,0,11,camel,1
Marcus,14,2026-09-24 07:29:39,1,standard,2.0,0,12,stone,1
Marcus,14,2026-09-24 07:29:39,1,standard,2.0,0,13,glove,1
Marcus,14,2026-09-24 07:29:39,2,pause,2.0,25,1,hedge,1
Marcus,14,2026-09-24 07:29:39,2,pause,2.0,25,2,cellar,1
Marcus,14,2026-09-24 07:29:39,2,pause,2.0,25,3,candle,1
Marcus,14,2026-09-24 07:29:39,2,pause,2.0,25,4,dagger,0
Marcus,14,2026-09-24 07:29:39,2,pause,2.0,25,5,breeze,0
Marcus,14,2026-09-24 07:29:39,2,pause,2.0,25,6,mirror,0
Marcus,14,2026-09-24 07:29:39,2,pause,2.0,25,7,banjo,0
Marcus,14,2026-09-24 07:29:39,2,pause,2.0,25,8,raisin,0
Marcus,14,2026-09-24 07:29:39,2,pause,2.0,25,9,knife,0
Marcus,14,2026-09-24 07:29:39,2,pause,2.0,25,10,kernel,0
Marcus,14,2026-09-24 07:29:39,2,pause,2.0,25,11,chariot,0
Marcus,14,2026-09-24 07:29:39,2,pause,2.0,25,12,pliers,1
Marcus,14,2026-09-24 07:29:39,2,pause,2.0,25,13,wagon,0
Marcus,14,2026-09-24 07:29:39,3,fast,0.5,0,1,gate,1
Marcus,14,2026-09-24 07:29:39,3,fast,0.5,0,2,fabric,0
Marcus,14,2026-09-24 07:29:39,3,fast,0.5,0,3,anchor,0
Marcus,14,2026-09-24 07:29:39,3,fast,0.5,0,4,snail,0
Marcus,14,2026-09-24 07:29:39,3,fast,0.5,0,5,moose,0
Marcus,14,2026-09-24 07:29:39,3,fast,0.5,0,6,hammer,0
Marcus,14,2026-09-24 07:29:39,3,fast,0.5,0,7,ladder,0
Marcus,14,2026-09-24 07:29:39,3,fast,0.5,0,8,buffalo,0
Marcus,14,2026-09-24 07:29:39,3,fast,0.5,0,9,drum,0
Marcus,14,2026-09-24 07:29:39,3,fast,0.5,0,10,wrench,1
Marcus,14,2026-09-24 07:29:39,3,fast,0.5,0,11,saddle,0
Marcus,14,2026-09-24 07:29:39,3,fast,0.5,0,12,blossom,1
Marcus,14,2026-09-24 07:29:39,3,fast,0.5,0,13,nail,1
Marcus,14,2026-09-24 07:29:39,4,filled,2.0,25,1,balloon,1
Marcus,14,2026-09-24 07:29:39,4,filled,2.0,25,2,petal,1
Marcus,14,2026-09-24 07:29:39,4,filled,2.0,25,3,rabbit,0
Marcus,14,2026-09-24 07:29:39,4,filled,2.0,25,4,blade,0
Marcus,14,2026-09-24 07:29:39,4,filled,2.0,25,5,cherry,0
Marcus,14,2026-09-24 07:29:39,4,filled,2.0,25,6,coconut,0
Marcus,14,2026-09-24 07:29:39,4,filled,2.0,25,7,turtle,0
Marcus,14,2026-09-24 07:29:39,4,filled,2.0,25,8,apron,0
Marcus,14,2026-09-24 07:29:39,4,filled,2.0,25,9,nail,0
Marcus,14,2026-09-24 07:29:39,4,filled,2.0,25,10,walnut,0
Marcus,14,2026-09-24 07:29:39,4,filled,2.0,25,11,knuckle,0
Marcus,14,2026-09-24 07:29:39,4,filled,2.0,25,12,harp,0
Marcus,14,2026-09-24 07:29:39,4,filled,2.0,25,13,ladder,0
Marcus,15,2026-09-24 07:33:12,1,standard,2.0,0,1,basket,1
Marcus,15,2026-09-24 07:33:12,1,standard,2.0,0,2,button,1
Marcus,15,2026-09-24 07:33:12,1,standard,2.0,0,3,plant,1
Marcus,15,2026-09-24 07:33:12,1,standard,2.0,0,4,balloon,1
Marcus,15,2026-09-24 07:33:12,1,standard,2.0,0,5,mango,0
Marcus,15,2026-09-24 07:33:12,1,standard,2.0,0,6,rope,0
Marcus,15,2026-09-24 07:33:12,1,standard,2.0,0,7,castle,0
Marcus,15,2026-09-24 07:33:12,1,standard,2.0,0,8,sausage,0
Marcus,15,2026-09-24 07:33:12,1,standard,2.0,0,9,zipper,0
Marcus,15,2026-09-24 07:33:12,1,standard,2.0,0,10,potato,0
Marcus,15,2026-09-24 07:33:12,1,standard,2.0,0,11,almond,0
Marcus,15,2026-09-24 07:33:12,1,standard,2.0,0,12,mask,1
Marcus,15,2026-09-24 07:33:12,1,standard,2.0,0,13,pretzel,1
Marcus,15,2026-09-24 07:33:12,2,filled,2.0,25,1,kayak,0
Marcus,15,2026-09-24 07:33:12,2,filled,2.0,25,2,raccoon,0
Marcus,15,2026-09-24 07:33:12,2,filled,2.0,25,3,rabbit,0
Marcus,15,2026-09-24 07:33:12,2,filled,2.0,25,4,donkey,0
Marcus,15,2026-09-24 07:33:12,2,filled,2.0,25,5,pigeon,0
Marcus,15,2026-09-24 07:33:12,2,filled,2.0,25,6,hallway,1
Marcus,15,2026-09-24 07:33:12,2,filled,2.0,25,7,marble,0
Marcus,15,2026-09-24 07:33:12,2,filled,2.0,25,8,beaver,1
Marcus,15,2026-09-24 07:33:12,2,filled,2.0,25,9,forest,0
Marcus,15,2026-09-24 07:33:12,2,filled,2.0,25,10,desert,0
Marcus,15,2026-09-24 07:33:12,2,filled,2.0,25,11,goblet,1
Marcus,15,2026-09-24 07:33:12,2,filled,2.0,25,12,ferret,0
Marcus,15,2026-09-24 07:33:12,2,filled,2.0,25,13,compass,0
Marcus,15,2026-09-24 07:33:12,3,fast,0.5,0,1,valley,0
Marcus,15,2026-09-24 07:33:12,3,fast,0.5,0,2,camel,0
Marcus,15,2026-09-24 07:33:12,3,fast,0.5,0,3,muffin,0
Marcus,15,2026-09-24 07:33:12,3,fast,0.5,0,4,telescope,0
Marcus,15,2026-09-24 07:33:12,3,fast,0.5,0,5,monster,0
Marcus,15,2026-09-24 07:33:12,3,fast,0.5,0,6,scarf,1
Marcus,15,2026-09-24 07:33:12,3,fast,0.5,0,7,weasel,0
Marcus,15,2026-09-24 07:33:12,3,fast,0.5,0,8,bottle,0
Marcus,15,2026-09-24 07:33:12,3,fast,0.5,0,9,tiger,1
Marcus,15,2026-09-24 07:33:12,3,fast,0.5,0,10,flame,1
Marcus,15,2026-09-24 07:33:12,3,fast,0.5,0,11,pliers,0
Marcus,15,2026-09-24 07:33:12,3,fast,0.5,0,12,peanut,1
Marcus,15,2026-09-24 07:33:12,3,fast,0.5,0,13,flute,1
Marcus,15,2026-09-24 07:33:12,4,pause,2.0,25,1,frame,0
Marcus,15,2026-09-24 07:33:12,4,pause,2.0,25,2,leopard,1
Marcus,15,2026-09-24 07:33:12,4,pause,2.0,25,3,drawer,0
Marcus,15,2026-09-24 07:33:12,4,pause,2.0,25,4,celery,0
Marcus,15,2026-09-24 07:33:12,4,pause,2.0,25,5,sleigh,1
Marcus,15,2026-09-24 07:33:12,4,pause,2.0,25,6,planet,0
Marcus,15,2026-09-24 07:33:12,4,pause,2.0,25,7,throne,0
Marcus,15,2026-09-24 07:33:12,4,pause,2.0,25,8,needle,1
Marcus,15,2026-09-24 07:33:12,4,pause,2.0,25,9,rabbit,0
Marcus,15,2026-09-24 07:33:12,4,pause,2.0,25,10,colander,1
Marcus,15,2026-09-24 07:33:12,4,pause,2.0,25,11,biscuit,0
Marcus,15,2026-09-24 07:33:12,4,pause,2.0,25,12,ladle,1
Marcus,15,2026-09-24 07:33:12,4,pause,2.0,25,13,rake,1
Marcus,16,2026-09-24 07:41:45,1,fast,0.5,0,1,finger,0
Marcus,16,2026-09-24 07:41:45,1,fast,0.5,0,2,wrench,0
Marcus,16,2026-09-24 07:41:45,1,fast,0.5,0,3,noodle,0
Marcus,16,2026-09-24 07:41:45,1,fast,0.5,0,4,flame,1
Marcus,16,2026-09-24 07:41:45,1,fast,0.5,0,5,frame,1
Marcus,16,2026-09-24 07:41:45,1,fast,0.5,0,6,teapot,0
Marcus,16,2026-09-24 07:41:45,1,fast,0.5,0,7,glider,0
Marcus,16,2026-09-24 07:41:45,1,fast,0.5,0,8,knuckle,1
Marcus,16,2026-09-24 07:41:45,1,fast,0.5,0,9,kernel,0
Marcus,16,2026-09-24 07:41:45,1,fast,0.5,0,10,elbow,0
Marcus,16,2026-09-24 07:41:45,1,fast,0.5,0,11,beaver,1
Marcus,16,2026-09-24 07:41:45,1,fast,0.5,0,12,bridge,1
Marcus,16,2026-09-24 07:41:45,1,fast,0.5,0,13,planet,0
Marcus,16,2026-09-24 07:41:45,2,pause,2.0,25,1,swamp,0
Marcus,16,2026-09-24 07:41:45,2,pause,2.0,25,2,fiddle,1
Marcus,16,2026-09-24 07:41:45,2,pause,2.0,25,3,kettle,1
Marcus,16,2026-09-24 07:41:45,2,pause,2.0,25,4,window,0
Marcus,16,2026-09-24 07:41:45,2,pause,2.0,25,5,raft,1
Marcus,16,2026-09-24 07:41:45,2,pause,2.0,25,6,bucket,0
Marcus,16,2026-09-24 07:41:45,2,pause,2.0,25,7,jacket,0
Marcus,16,2026-09-24 07:41:45,2,pause,2.0,25,8,cricket,0
Marcus,16,2026-09-24 07:41:45,2,pause,2.0,25,9,gate,0
Marcus,16,2026-09-24 07:41:45,2,pause,2.0,25,10,chimney,0
Marcus,16,2026-09-24 07:41:45,2,pause,2.0,25,11,banjo,1
Marcus,16,2026-09-24 07:41:45,2,pause,2.0,25,12,saucer,1
Marcus,16,2026-09-24 07:41:45,2,pause,2.0,25,13,spine,0
Marcus,16,2026-09-24 07:41:45,3,filled,2.0,25,1,towel,1
Marcus,16,2026-09-24 07:41:45,3,filled,2.0,25,2,kettle,1
Marcus,16,2026-09-24 07:41:45,3,filled,2.0,25,3,blossom,1
Marcus,16,2026-09-24 07:41:45,3,filled,2.0,25,4,carriage,0
Marcus,16,2026-09-24 07:41:45,3,filled,2.0,25,5,almond,0
Marcus,16,2026-09-24 07:41:45,3,filled,2.0,25,6,hedge,0
Marcus,16,2026-09-24 07:41:45,3,filled,2.0,25,7,shell,0
Marcus,16,2026-09-24 07:41:45,3,filled,2.0,25,8,feather,0
Marcus,16,2026-09-24 07:41:45,3,filled,2.0,25,9,ghost,0
Marcus,16,2026-09-24 07:41:45,3,filled,2.0,25,10,glacier,0
Marcus,16,2026-09-24 07:41:45,3,filled,2.0,25,11,melon,0
Marcus,16,2026-09-24 07:41:45,3,filled,2.0,25,12,blouse,0
Marcus,16,2026-09-24 07:41:45,3,filled,2.0,25,13,cellar,1
Marcus,16,2026-09-24 07:41:45,4,standard,2.0,0,1,drum,0
Marcus,16,2026-09-24 07:41:45,4,standard,2.0,0,2,lemon,1
Marcus,16,2026-09-24 07:41:45,4,standard,2.0,0,3,coconut,0
Marcus,16,2026-09-24 07:41:45,4,standard,2.0,0,4,gravel,0
Marcus,16,2026-09-24 07:41:45,4,standard,2.0,0,5,cloud,1
Marcus,16,2026-09-24 07:41:45,4,standard,2.0,0,6,teapot,1
Marcus,16,2026-09-24 07:41:45,4,standard,2.0,0,7,sparrow,0
Marcus,16,2026-09-24 07:41:45,4,standard,2.0,0,8,panther,0
Marcus,16,2026-09-24 07:41:45,4,standard,2.0,0,9,wagon,0
Marcus,16,2026-09-24 07:41:45,4,standard,2.0,0,10,cellar,0
Marcus,16,2026-09-24 07:41:45,4,standard,2.0,0,11,canyon,0
Marcus,16,2026-09-24 07:41:45,4,standard,2.0,0,12,heel,0
Marcus,16,2026-09-24 07:41:45,4,standard,2.0,0,13,spine,0
Marcus,17,2026-09-24 07:47:33,1,pause,2.0,25,1,pencil,0
Marcus,17,2026-09-24 07:47:33,1,pause,2.0,25,2,ghost,1
Marcus,17,2026-09-24 07:47:33,1,pause,2.0,25,3,sleigh,1
Marcus,17,2026-09-24 07:47:33,1,pause,2.0,25,4,thunder,0
Marcus,17,2026-09-24 07:47:33,1,pause,2.0,25,5,teapot,0
Marcus,17,2026-09-24 07:47:33,1,pause,2.0,25,6,guitar,0
Marcus,17,2026-09-24 07:47:33,1,pause,2.0,25,7,ladle,1
Marcus,17,2026-09-24 07:47:33,1,pause,2.0,25,8,engine,0
Marcus,17,2026-09-24 07:47:33,1,pause,2.0,25,9,goblet,0
Marcus,17,2026-09-24 07:47:33,1,pause,2.0,25,10,cactus,0
Marcus,17,2026-09-24 07:47:33,1,pause,2.0,25,11,cherry,0
Marcus,17,2026-09-24 07:47:33,1,pause,2.0,25,12,tunnel,1
Marcus,17,2026-09-24 07:47:33,1,pause,2.0,25,13,fiddle,1
Marcus,17,2026-09-24 07:47:33,2,fast,0.5,0,1,crayon,0
Marcus,17,2026-09-24 07:47:33,2,fast,0.5,0,2,nozzle,0
Marcus,17,2026-09-24 07:47:33,2,fast,0.5,0,3,mask,0
Marcus,17,2026-09-24 07:47:33,2,fast,0.5,0,4,finger,0
Marcus,17,2026-09-24 07:47:33,2,fast,0.5,0,5,helmet,0
Marcus,17,2026-09-24 07:47:33,2,fast,0.5,0,6,wrench,0
Marcus,17,2026-09-24 07:47:33,2,fast,0.5,0,7,cello,1
Marcus,17,2026-09-24 07:47:33,2,fast,0.5,0,8,pumpkin,1
Marcus,17,2026-09-24 07:47:33,2,fast,0.5,0,9,pillow,0
Marcus,17,2026-09-24 07:47:33,2,fast,0.5,0,10,goblet,0
Marcus,17,2026-09-24 07:47:33,2,fast,0.5,0,11,flute,1
Marcus,17,2026-09-24 07:47:33,2,fast,0.5,0,12,puzzle,0
Marcus,17,2026-09-24 07:47:33,2,fast,0.5,0,13,napkin,0
Marcus,17,2026-09-24 07:47:33,3,filled,2.0,25,1,pretzel,1
Marcus,17,2026-09-24 07:47:33,3,filled,2.0,25,2,ivory,0
Marcus,17,2026-09-24 07:47:33,3,filled,2.0,25,3,eagle,0
Marcus,17,2026-09-24 07:47:33,3,filled,2.0,25,4,bucket,1
Marcus,17,2026-09-24 07:47:33,3,filled,2.0,25,5,pillar,0
Marcus,17,2026-09-24 07:47:33,3,filled,2.0,25,6,broom,0
Marcus,17,2026-09-24 07:47:33,3,filled,2.0,25,7,cactus,0
Marcus,17,2026-09-24 07:47:33,3,filled,2.0,25,8,fence,0
Marcus,17,2026-09-24 07:47:33,3,filled,2.0,25,9,camera,0
Marcus,17,2026-09-24 07:47:33,3,filled,2.0,25,10,apron,0
Marcus,17,2026-09-24 07:47:33,3,filled,2.0,25,11,cricket,1
Marcus,17,2026-09-24 07:47:33,3,filled,2.0,25,12,guitar,0
Marcus,17,2026-09-24 07:47:33,3,filled,2.0,25,13,frame,1
Marcus,17,2026-09-24 07:47:33,4,standard,2.0,0,1,clock,1
Marcus,17,2026-09-24 07:47:33,4,standard,2.0,0,2,bench,1
Marcus,17,2026-09-24 07:47:33,4,standard,2.0,0,3,acorn,0
Marcus,17,2026-09-24 07:47:33,4,standard,2.0,0,4,trousers,0
Marcus,17,2026-09-24 07:47:33,4,standard,2.0,0,5,puzzle,0
Marcus,17,2026-09-24 07:47:33,4,standard,2.0,0,6,fence,1
Marcus,17,2026-09-24 07:47:33,4,standard,2.0,0,7,spoon,1
Marcus,17,2026-09-24 07:47:33,4,standard,2.0,0,8,wheel,0
Marcus,17,2026-09-24 07:47:33,4,standard,2.0,0,9,hornet,0
Marcus,17,2026-09-24 07:47:33,4,standard,2.0,0,10,teapot,0
Marcus,17,2026-09-24 07:47:33,4,standard,2.0,0,11,salmon,0
Marcus,17,2026-09-24 07:47:33,4,standard,2.0,0,12,parrot,1
Marcus,17,2026-09-24 07:47:33,4,standard,2.0,0,13,umbrella,1
Marcus,18,2026-09-25 08:018:00,1,filled,2.0,25,1,trophy,1
Marcus,18,2026-09-25 08:018:00,1,filled,2.0,25,2,turtle,0
Marcus,18,2026-09-25 08:018:00,1,filled,2.0,25,3,ghost,1
Marcus,18,2026-09-25 08:018:00,1,filled,2.0,25,4,frame,0
Marcus,18,2026-09-25 08:018:00,1,filled,2.0,25,5,waffle,0
Marcus,18,2026-09-25 08:018:00,1,filled,2.0,25,6,garden,0
Marcus,18,2026-09-25 08:018:00,1,filled,2.0,25,7,celery,0
Marcus,18,2026-09-25 08:018:00,1,filled,2.0,25,8,tower,1
Marcus,18,2026-09-25 08:018:00,1,filled,2.0,25,9,olive,0
Marcus,18,2026-09-25 08:018:00,1,filled,2.0,25,10,desert,0
Marcus,18,2026-09-25 08:018:00,1,filled,2.0,25,11,carrot,1
Marcus,18,2026-09-25 08:018:00,1,filled,2.0,25,12,blouse,0
Marcus,18,2026-09-25 08:018:00,1,filled,2.0,25,13,sleeve,1
Marcus,18,2026-09-25 08:018:00,2,pause,2.0,25,1,trophy,1
Marcus,18,2026-09-25 08:018:00,2,pause,2.0,25,2,engine,1
Marcus,18,2026-09-25 08:018:00,2,pause,2.0,25,3,attic,1
Marcus,18,2026-09-25 08:018:00,2,pause,2.0,25,4,bucket,0
Marcus,18,2026-09-25 08:018:00,2,pause,2.0,25,5,bridge,0
Marcus,18,2026-09-25 08:018:00,2,pause,2.0,25,6,blade,0
Marcus,18,2026-09-25 08:018:00,2,pause,2.0,25,7,ghost,0
Marcus,18,2026-09-25 08:018:00,2,pause,2.0,25,8,jungle,1
Marcus,18,2026-09-25 08:018:00,2,pause,2.0,25,9,beetle,0
Marcus,18,2026-09-25 08:018:00,2,pause,2.0,25,10,turnip,0
Marcus,18,2026-09-25 08:018:00,2,pause,2.0,25,11,petal,0
Marcus,18,2026-09-25 08:018:00,2,pause,2.0,25,12,tiger,1
Marcus,18,2026-09-25 08:018:00,2,pause,2.0,25,13,glider,1
Marcus,19,2026-09-25 08:019:00,1,filled,2.0,25,1,island,0
Marcus,19,2026-09-25 08:019:00,1,filled,2.0,25,2,nail,0
Marcus,19,2026-09-25 08:019:00,1,filled,2.0,25,3,zipper,0
Marcus,19,2026-09-25 08:019:00,1,filled,2.0,25,4,anchor,0
Marcus,19,2026-09-25 08:019:00,1,filled,2.0,25,5,canoe,0
Marcus,19,2026-09-25 08:019:00,1,filled,2.0,25,6,trumpet,0
Marcus,19,2026-09-25 08:019:00,1,filled,2.0,25,7,meadow,0
Marcus,19,2026-09-25 08:019:00,1,filled,2.0,25,8,spine,0
Marcus,19,2026-09-25 08:019:00,1,filled,2.0,25,9,candle,1
Marcus,19,2026-09-25 08:019:00,1,filled,2.0,25,10,ladder,0
Marcus,19,2026-09-25 08:019:00,1,filled,2.0,25,11,parrot,1
Marcus,19,2026-09-25 08:019:00,1,filled,2.0,25,12,horse,1
Marcus,19,2026-09-25 08:019:00,1,filled,2.0,25,13,moose,1
